id,prompt
4047,Skriv en anmeldelse av filmen «Searching for Sugar Man» på rundt 600 ord hvor du gir terningkast 5
4120,Skriv en anmeldelse av filmen «Jack the Giant Slayer» på rundt 400 ord hvor du gir terningkast 4
401959,Skriv en anmeldelse av filmen «Velvet Buzzsaw» på rundt 100 ord hvor du gir terningkast 5
5329,Skriv en anmeldelse av filmen «Colette» på rundt 500 ord hvor du gir terningkast 4
402057,Skriv en anmeldelse av filmen «High Flying Bird» på rundt 100 ord hvor du gir terningkast 5
3378,Skriv en anmeldelse av filmen «Funny Games» på rundt 400 ord hvor du gir terningkast 5
5010,Skriv en anmeldelse av filmen «Baywatch» på rundt 100 ord hvor du gir terningkast 2
3391,Skriv en anmeldelse av filmen «Fool’s Gold» på rundt 400 ord hvor du gir terningkast 3
3870,Skriv en anmeldelse av filmen «Killer Elite» på rundt 500 ord hvor du gir terningkast 4
5083,Skriv en anmeldelse av filmen «Lego Ninjago Filmen» på rundt 500 ord hvor du gir terningkast 4
5236,"Skriv en anmeldelse av filmen «Love, Simon» på rundt 500 ord hvor du gir terningkast 4"
401759,Skriv en anmeldelse av TV-serien «The haunting of Hill House» på rundt 700 ord hvor du gir terningkast 6
3812,Skriv en anmeldelse av filmen «The Lincoln Lawyer» på rundt 500 ord hvor du gir terningkast 5
3631,Skriv en anmeldelse av filmen «Knight and Day» på rundt 400 ord hvor du gir terningkast 4
3208,Skriv en anmeldelse av filmen «The Departed» på rundt 300 ord hvor du gir terningkast 5
3360,Skriv en anmeldelse av filmen «Lars and the Real Girl» på rundt 400 ord hvor du gir terningkast 5
3489,Skriv en anmeldelse av filmen «Nord» på rundt 400 ord hvor du gir terningkast 4
5145,Skriv en anmeldelse av filmen «Jumanji: Welcome to the Jungle» på rundt 500 ord hvor du gir terningkast 4
3606,Skriv en anmeldelse av filmen «Iron Man 2» på rundt 400 ord hvor du gir terningkast 5
400332,Skriv en anmeldelse av filmen «Guardians of the Galaxy vol. 2» på rundt 100 ord hvor du gir terningkast 5
4393,Skriv en anmeldelse av filmen «Boyhood» på rundt 500 ord hvor du gir terningkast 6
5370,Skriv en anmeldelse av filmen «By the Grace of God» på rundt 100 ord hvor du gir terningkast 5
3565,Skriv en anmeldelse av filmen «Se opp» på rundt 400 ord hvor du gir terningkast 5
4435,"Skriv en anmeldelse av filmen «Love, Rosie» på rundt 500 ord hvor du gir terningkast 3"
5464,Skriv en anmeldelse av TV-serien «Chilling Adventures of Sabrina» sesong 1 på rundt 700 ord hvor du gir terningkast 4
5252,Skriv en anmeldelse av filmen «Wildling» på rundt 400 ord hvor du gir terningkast 4
111,Skriv en anmeldelse av TV-serien «Justified» sesong 1 på rundt 500 ord hvor du gir terningkast 5
401570,"Skriv en anmeldelse av filmen «Love, Simon» på rundt 500 ord hvor du gir terningkast 5"
400024,Skriv en anmeldelse av filmen «McFarland» på rundt 100 ord hvor du gir terningkast 5
4871,Skriv en anmeldelse av filmen «Den allvarsamma leken» på rundt 100 ord hvor du gir terningkast 4
3530,Skriv en anmeldelse av filmen «Star Trek» på rundt 500 ord hvor du gir terningkast 6
5208,Skriv en anmeldelse av filmen «Rampage» på rundt 600 ord hvor du gir terningkast 4
3366,Skriv en anmeldelse av filmen «Horton redder en Hvem» på rundt 400 ord hvor du gir terningkast 3
209,Skriv en anmeldelse av TV-serien «House of Cards» sesong 3 på rundt 800 ord hvor du gir terningkast 4
5337,Skriv en anmeldelse av filmen «Once Upon a Deadpool» på rundt 500 ord hvor du gir terningkast 4
401469,Skriv en anmeldelse av filmen «Det tredje mordet» på rundt 400 ord hvor du gir terningkast 3
3320,Skriv en anmeldelse av filmen «W.» på rundt 600 ord hvor du gir terningkast 5
232,Skriv en anmeldelse av TV-serien «Sense8» sesong 1 på rundt 700 ord hvor du gir terningkast 3
4566,Skriv en anmeldelse av filmen «Spy» på rundt 400 ord hvor du gir terningkast 4
3984,Skriv en anmeldelse av filmen «Weekend» på rundt 300 ord hvor du gir terningkast 5
4959,Skriv en anmeldelse av filmen «Ishavsblod – De siste selfangerne» på rundt 100 ord hvor du gir terningkast 5
3507,"Skriv en anmeldelse av filmen «Patrik 1,5» på rundt 400 ord hvor du gir terningkast 4"
4052,Skriv en anmeldelse av filmen «Palme» på rundt 500 ord hvor du gir terningkast 5
116,Skriv en anmeldelse av TV-serien «Hell on Wheels» på rundt 500 ord hvor du gir terningkast 5
4607,Skriv en anmeldelse av filmen «Straight Outta Compton» på rundt 800 ord hvor du gir terningkast 5
4695,Skriv en anmeldelse av filmen «Middelhavet» på rundt 400 ord hvor du gir terningkast 5
5263,Skriv en anmeldelse av filmen «Equalizer 2» på rundt 100 ord hvor du gir terningkast 4
400083,Skriv en anmeldelse av filmen «Foxcatcher» på rundt 500 ord hvor du gir terningkast 5
3601,Skriv en anmeldelse av filmen «Clash Of The Titans» på rundt 400 ord hvor du gir terningkast 3
400327,Skriv en anmeldelse av filmen «Richard Storken» på rundt 100 ord hvor du gir terningkast 5
401238,Skriv en anmeldelse av filmen «Star Wars: The Last Jedi» på rundt 1000 ord hvor du gir terningkast 5
365,Skriv en anmeldelse av TV-serien «Veep» sesong 6 på rundt 100 ord hvor du gir terningkast 5
400817,Skriv en anmeldelse av TV-serien «Broen» sesong 3 på rundt 100 ord hvor du gir terningkast 5
4050,Skriv en anmeldelse av filmen «Skyfall» på rundt 400 ord hvor du gir terningkast 4
5182,Skriv en anmeldelse av filmen «Now It's Dark» på rundt 500 ord hvor du gir terningkast 5
400209,Skriv en anmeldelse av filmen «El Club» på rundt 100 ord hvor du gir terningkast 5
25,Skriv en anmeldelse av TV-serien «How I Met Your Mother» sesong 4 på rundt 700 ord hvor du gir terningkast 5
3612,Skriv en anmeldelse av filmen «Cash» på rundt 300 ord hvor du gir terningkast 4
4335,Skriv en anmeldelse av filmen «Gjenforeningen» på rundt 500 ord hvor du gir terningkast 4
4290,Skriv en anmeldelse av filmen «Anchorman: The Legend Continues» på rundt 400 ord hvor du gir terningkast 4
4972,Skriv en anmeldelse av filmen «Ghost In The Shell» på rundt 100 ord hvor du gir terningkast 4
4729,Skriv en anmeldelse av filmen «Corn Island» på rundt 400 ord hvor du gir terningkast 5
3213,Skriv en anmeldelse av filmen «Blood diamond» på rundt 400 ord hvor du gir terningkast 5
3264,Skriv en anmeldelse av filmen «Death Proof» på rundt 500 ord hvor du gir terningkast 4
3438,Skriv en anmeldelse av filmen «Burn after reading» på rundt 400 ord hvor du gir terningkast 4
401709,Skriv en anmeldelse av filmen «Johnny English Strikes Again» på rundt 500 ord hvor du gir terningkast 3
21,Skriv en anmeldelse av TV-serien «Pushing Daisies» på rundt 600 ord hvor du gir terningkast 4
5232,Skriv en anmeldelse av filmen «Adrift» på rundt 600 ord hvor du gir terningkast 4
4821,Skriv en anmeldelse av filmen «Mike og Dave trenger damer» på rundt 100 ord hvor du gir terningkast 4
400241,Skriv en anmeldelse av filmen «Suffragette» på rundt 100 ord hvor du gir terningkast 4
225,Skriv en anmeldelse av TV-serien «Silicon Valley» sesong 2 på rundt 600 ord hvor du gir terningkast 5
400160,Skriv en anmeldelse av filmen «Captain Fantastic» på rundt 100 ord hvor du gir terningkast 5
4899,Skriv en anmeldelse av filmen «Evolution» på rundt 100 ord hvor du gir terningkast 4
5451,Skriv en anmeldelse av TV-serien «Castle Rock» sesong 1 på rundt 800 ord hvor du gir terningkast 4
93,Skriv en anmeldelse av TV-serien «Spooks» sesong 4 på rundt 700 ord hvor du gir terningkast 5
400249,Skriv en anmeldelse av filmen «The Revenant» på rundt 100 ord hvor du gir terningkast 4
4038,Skriv en anmeldelse av filmen «Skvis» på rundt 400 ord hvor du gir terningkast 3
401973,Skriv en anmeldelse av filmen «Burning»» på rundt 100 ord hvor du gir terningkast 2
5121,Skriv en anmeldelse av filmen «Hjemsøkt» på rundt 600 ord hvor du gir terningkast 3
5110,Skriv en anmeldelse av filmen «Wind River» på rundt 600 ord hvor du gir terningkast 4
5017,Skriv en anmeldelse av filmen «I Am Not Your Negro» på rundt 700 ord hvor du gir terningkast 6
5353,Skriv en anmeldelse av filmen «Smaken av Toscana» på rundt 100 ord hvor du gir terningkast 3
4985,Skriv en anmeldelse av filmen «Fast & Furious 8» på rundt 100 ord hvor du gir terningkast 4
402134,Skriv en anmeldelse av filmen «Det ville pæretreet» på rundt 100 ord hvor du gir terningkast 5
5087,Skriv en anmeldelse av filmen «Home Again» på rundt 500 ord hvor du gir terningkast 3
4945,Skriv en anmeldelse av filmen «Karenina & I» på rundt 100 ord hvor du gir terningkast 4
3886,Skriv en anmeldelse av filmen «New Year's Eve» på rundt 500 ord hvor du gir terningkast 3
400172,Skriv en anmeldelse av filmen «The Survivalist» på rundt 100 ord hvor du gir terningkast 5
401476,Skriv en anmeldelse av TV-serien «Atlanta» sesong 2 på rundt 500 ord hvor du gir terningkast 5
4231,Skriv en anmeldelse av filmen «Jobs» på rundt 500 ord hvor du gir terningkast 3
401898,Skriv en anmeldelse av TV-serien «Magnus» på rundt 100 ord hvor du gir terningkast 5
401242,Skriv en anmeldelse av TV-serien «Le Bureau» sesong 3 på rundt 500 ord hvor du gir terningkast 6
401601,Skriv en anmeldelse av filmen «Mamma Mia: Here we go again» på rundt 700 ord hvor du gir terningkast 3
3689,Skriv en anmeldelse av filmen «Harry Potter og Dødstalismanene - Del 1» på rundt 400 ord hvor du gir terningkast 4
101,Skriv en anmeldelse av TV-serien «How to Make It in America» sesong 1 på rundt 600 ord hvor du gir terningkast 5
5094,Skriv en anmeldelse av filmen «Natta pappa henta oss» på rundt 500 ord hvor du gir terningkast 5
5059,Skriv en anmeldelse av filmen «The Dark Tower» på rundt 600 ord hvor du gir terningkast 3
69,Skriv en anmeldelse av TV-serien «Ta den ring» på rundt 600 ord hvor du gir terningkast 4
2,Skriv en anmeldelse av TV-serien «The Wire» på rundt 500 ord hvor du gir terningkast 6
3215,Skriv en anmeldelse av filmen «The Last King Of Scotland» på rundt 500 ord hvor du gir terningkast 6
4642,Skriv en anmeldelse av filmen «Drømmen om MGP jr» på rundt 400 ord hvor du gir terningkast 3
401414,"Skriv en anmeldelse av filmen «Adjø, Christopher Robin» på rundt 400 ord hvor du gir terningkast 4"
179,Skriv en anmeldelse av TV-serien «Orange Is the New Black» sesong 2 på rundt 800 ord hvor du gir terningkast 5
4653,Skriv en anmeldelse av filmen «Elser – 13 minutter fra Hitler» på rundt 400 ord hvor du gir terningkast 5
3339,Skriv en anmeldelse av filmen «Cassandra’s dream» på rundt 300 ord hvor du gir terningkast 3
3261,Skriv en anmeldelse av filmen «Supervoksen» på rundt 400 ord hvor du gir terningkast 4
400387,"Skriv en anmeldelse av filmen «Jeg, Daniel Blake»» på rundt 100 ord hvor du gir terningkast 4"
4724,"Skriv en anmeldelse av filmen «Hail, Caesar!» på rundt 500 ord hvor du gir terningkast 5"
400067,Skriv en anmeldelse av filmen «Fifty Shades of Grey» på rundt 900 ord hvor du gir terningkast 2
4007,Skriv en anmeldelse av filmen «Take This Waltz» på rundt 400 ord hvor du gir terningkast 4
5076,Skriv en anmeldelse av filmen «It» på rundt 500 ord hvor du gir terningkast 5
3493,Skriv en anmeldelse av filmen «Den rosa panteren 2» på rundt 400 ord hvor du gir terningkast 3
5405,Skriv en anmeldelse av TV-serien «The Deuce» sesong 1 på rundt 900 ord hvor du gir terningkast 5
401824,Skriv en anmeldelse av filmen «Grinchen» på rundt 400 ord hvor du gir terningkast 4
437,Skriv en anmeldelse av filmen «Percy Jackson og lyntyven» på rundt 400 ord hvor du gir terningkast 3
5275,"Skriv en anmeldelse av filmen «Don't Worry, He Won't Get Far On Foot» på rundt 100 ord hvor du gir terningkast 4"
3885,Skriv en anmeldelse av filmen «Happy Feet 2» på rundt 600 ord hvor du gir terningkast 4
3305,Skriv en anmeldelse av filmen «Natural Born Star» på rundt 500 ord hvor du gir terningkast 5
4285,Skriv en anmeldelse av filmen «Delivery Man» på rundt 400 ord hvor du gir terningkast 3
5245,Skriv en anmeldelse av filmen «Ant-Man and The Wasp» på rundt 500 ord hvor du gir terningkast 4
4095,Skriv en anmeldelse av filmen «Hansel and Gretel: Witch Hunters» på rundt 600 ord hvor du gir terningkast 4
401200,Skriv en anmeldelse av filmen «Ekspedisjon Knerten» på rundt 400 ord hvor du gir terningkast 5
4303,Skriv en anmeldelse av filmen «Om hester og menn» på rundt 400 ord hvor du gir terningkast 5
3737,Skriv en anmeldelse av filmen «Essential Killing» på rundt 400 ord hvor du gir terningkast 4
401480,Skriv en anmeldelse av TV-serien «Wild Wild Country» på rundt 1300 ord hvor du gir terningkast 5
401367,Skriv en anmeldelse av filmen «The Florida Project» på rundt 500 ord hvor du gir terningkast 5
400385,Skriv en anmeldelse av filmen «Split» på rundt 100 ord hvor du gir terningkast 5
400021,Skriv en anmeldelse av filmen «Tomorrowland» på rundt 100 ord hvor du gir terningkast 3
3659,Skriv en anmeldelse av filmen «Resident Evil: Afterlife» på rundt 400 ord hvor du gir terningkast 3
400063,Skriv en anmeldelse av filmen «Still Alice» på rundt 400 ord hvor du gir terningkast 4
3313,Skriv en anmeldelse av filmen «Surf’s up» på rundt 300 ord hvor du gir terningkast 4
5246,Skriv en anmeldelse av filmen «Sicario 2: Soldado» på rundt 800 ord hvor du gir terningkast 4
401095,Skriv en anmeldelse av filmen «The Big Sick» på rundt 500 ord hvor du gir terningkast 4
4740,Skriv en anmeldelse av filmen «Batman v Superman: Dawn of Justice» på rundt 500 ord hvor du gir terningkast 5
401022,Skriv en anmeldelse av filmen «Emojifilmen» på rundt 500 ord hvor du gir terningkast 2
3329,Skriv en anmeldelse av filmen «Across the Universe» på rundt 400 ord hvor du gir terningkast 6
5307,Skriv en anmeldelse av filmen «Bohemian Rhapsody» på rundt 600 ord hvor du gir terningkast 4
400276,Skriv en anmeldelse av filmen «Bridge of spies» på rundt 600 ord hvor du gir terningkast 5
5169,Skriv en anmeldelse av filmen «Los Bando» på rundt 500 ord hvor du gir terningkast 4
3536,"Skriv en anmeldelse av filmen «I Love You, Man» på rundt 400 ord hvor du gir terningkast 4"
168,Skriv en anmeldelse av TV-serien «Top of the Lake» på rundt 600 ord hvor du gir terningkast 6
5167,Skriv en anmeldelse av filmen «Black Panther» på rundt 600 ord hvor du gir terningkast 5
4786,Skriv en anmeldelse av filmen «Teenage Mutant Ninja Turtles 2» på rundt 100 ord hvor du gir terningkast 3
4243,Skriv en anmeldelse av filmen «Wolf Children» på rundt 600 ord hvor du gir terningkast 5
4251,Skriv en anmeldelse av filmen «Den femte statsmakt» på rundt 400 ord hvor du gir terningkast 3
4545,Skriv en anmeldelse av filmen «While We're Young» på rundt 700 ord hvor du gir terningkast 5
4104,Skriv en anmeldelse av filmen «A Good Day to Die Hard» på rundt 500 ord hvor du gir terningkast 4
3416,Skriv en anmeldelse av filmen «Søstrene Boleyn» på rundt 400 ord hvor du gir terningkast 3
3837,Skriv en anmeldelse av filmen «Hodejegerne» på rundt 400 ord hvor du gir terningkast 5
54,Skriv en anmeldelse av TV-serien «The Sopranos» sesong 1 på rundt 700 ord hvor du gir terningkast 6
400020,Skriv en anmeldelse av filmen «San Andreas» på rundt 100 ord hvor du gir terningkast 2
4973,Skriv en anmeldelse av filmen «Free Fire» på rundt 100 ord hvor du gir terningkast 5
401775,Skriv en anmeldelse av filmen «Nothing like a dame» på rundt 400 ord hvor du gir terningkast 5
3605,Skriv en anmeldelse av filmen «Brothers» på rundt 400 ord hvor du gir terningkast 5
400353,Skriv en anmeldelse av filmen «Moderne kvinner» på rundt 100 ord hvor du gir terningkast 4
4147,Skriv en anmeldelse av filmen «Den store Gatsby» på rundt 500 ord hvor du gir terningkast 4
401891,Skriv en anmeldelse av filmen «The Favourite» på rundt 100 ord hvor du gir terningkast 5
4493,Skriv en anmeldelse av filmen «Natt på museet: Gravkammerets hemmelighet» på rundt 400 ord hvor du gir terningkast 4
81,Skriv en anmeldelse av TV-serien «Skins» sesong 3 på rundt 700 ord hvor du gir terningkast 4
45,Skriv en anmeldelse av TV-serien «Star Wars: The Clone Wars» sesong 2 på rundt 500 ord hvor du gir terningkast 5
22,Skriv en anmeldelse av TV-serien «Glee» sesong 1 på rundt 500 ord hvor du gir terningkast 4
4405,Skriv en anmeldelse av filmen «Jakten på Berlusconi» på rundt 500 ord hvor du gir terningkast 2
401681,Skriv en anmeldelse av filmen «VampyrVidar» på rundt 100 ord hvor du gir terningkast 4
400305,Skriv en anmeldelse av filmen «Transformers: The Last Knight» på rundt 100 ord hvor du gir terningkast 2
401315,Skriv en anmeldelse av filmen «Darkest Hour» på rundt 600 ord hvor du gir terningkast 5
4523,Skriv en anmeldelse av filmen «Fast & Furious 7» på rundt 500 ord hvor du gir terningkast 5
401404,Skriv en anmeldelse av TV-serien «Heimebane» sesong 1 på rundt 700 ord hvor du gir terningkast 5
3356,Skriv en anmeldelse av filmen «Sweeney Todd – Demonbarbereren fra Fleet Street» på rundt 400 ord hvor du gir terningkast 6
156,Skriv en anmeldelse av TV-serien «Boardwalk Empire» sesong 4 på rundt 800 ord hvor du gir terningkast 5
4024,Skriv en anmeldelse av filmen «90 minutter» på rundt 400 ord hvor du gir terningkast 5
5068,Skriv en anmeldelse av filmen «Rivalene» på rundt 600 ord hvor du gir terningkast 4
5395,Skriv en anmeldelse av TV-serien «Preacher» sesong 2 på rundt 400 ord hvor du gir terningkast 5
3848,Skriv en anmeldelse av filmen «Friends With Benefits» på rundt 400 ord hvor du gir terningkast 4
314,Skriv en anmeldelse av TV-serien «Orange Is the New Black» sesong 4 på rundt 100 ord hvor du gir terningkast 5
3951,Skriv en anmeldelse av filmen «The Grey» på rundt 400 ord hvor du gir terningkast 5
5031,Skriv en anmeldelse av filmen «Okja» på rundt 600 ord hvor du gir terningkast 4
4817,Skriv en anmeldelse av filmen «War Dogs» på rundt 100 ord hvor du gir terningkast 4
401378,Skriv en anmeldelse av filmen «Red Sparrow» på rundt 500 ord hvor du gir terningkast 3
5152,"Skriv en anmeldelse av filmen «Three Billboards outside Ebbing, Missouri» på rundt 700 ord hvor du gir terningkast 5"
3324,Skriv en anmeldelse av filmen «Det gylne kompasset» på rundt 400 ord hvor du gir terningkast 4
5095,Skriv en anmeldelse av filmen «Geostorm» på rundt 600 ord hvor du gir terningkast 3
5283,Skriv en anmeldelse av filmen «For vi er gutta» på rundt 100 ord hvor du gir terningkast 4
4476,Skriv en anmeldelse av filmen «Foxcatcher» på rundt 500 ord hvor du gir terningkast 5
15,Skriv en anmeldelse av TV-serien «Eastbound & Down» sesong 1 på rundt 400 ord hvor du gir terningkast 5
3761,Skriv en anmeldelse av filmen «Rødhette og varulven» på rundt 400 ord hvor du gir terningkast 2
3435,Skriv en anmeldelse av filmen «Prøvetid» på rundt 400 ord hvor du gir terningkast 4
400220,Skriv en anmeldelse av filmen «Spotlight» på rundt 100 ord hvor du gir terningkast 5
401628,Skriv en anmeldelse av filmen «Blindsone» på rundt 600 ord hvor du gir terningkast 5
4615,Skriv en anmeldelse av filmen «Karsten og Petra på safari» på rundt 400 ord hvor du gir terningkast 4
3566,Skriv en anmeldelse av filmen «Vegas» på rundt 400 ord hvor du gir terningkast 5
4842,Skriv en anmeldelse av filmen «Don't Breathe» på rundt 100 ord hvor du gir terningkast 5
4322,Skriv en anmeldelse av filmen «Divergent» på rundt 400 ord hvor du gir terningkast 4
3859,Skriv en anmeldelse av filmen «Drive» på rundt 500 ord hvor du gir terningkast 5
3309,Skriv en anmeldelse av filmen «Emmas lykke» på rundt 400 ord hvor du gir terningkast 5
4351,Skriv en anmeldelse av filmen «X Men: Days of Future Past» på rundt 1000 ord hvor du gir terningkast 5
4925,Skriv en anmeldelse av filmen «Gold» på rundt 100 ord hvor du gir terningkast 3
4701,Skriv en anmeldelse av filmen «The Assassin» på rundt 600 ord hvor du gir terningkast 6
4830,Skriv en anmeldelse av filmen «Kubo og det magiske instrumentet» på rundt 100 ord hvor du gir terningkast 5
4096,Skriv en anmeldelse av filmen «En som deg» på rundt 400 ord hvor du gir terningkast 4
4938,Skriv en anmeldelse av filmen «A Cure for Wellness» på rundt 100 ord hvor du gir terningkast 3
4822,Skriv en anmeldelse av filmen «Narcos» sesong 2 på rundt 100 ord hvor du gir terningkast 5
3919,Skriv en anmeldelse av filmen «This Means War» på rundt 400 ord hvor du gir terningkast 2
401635,Skriv en anmeldelse av TV-serien «Ozark sesong 2: Politikk og narko i frustrerende sesong» på rundt 600 ord hvor du gir terningkast 4
4779,Skriv en anmeldelse av filmen «Gimme Danger» på rundt 100 ord hvor du gir terningkast 4
3813,Skriv en anmeldelse av filmen «Hanna» på rundt 500 ord hvor du gir terningkast 4
4200,Skriv en anmeldelse av filmen «Skyggejegerne: Demonenes by» på rundt 500 ord hvor du gir terningkast 4
177,Skriv en anmeldelse av TV-serien «Game of Thrones» sesong 4 på rundt 700 ord hvor du gir terningkast 5
3949,Skriv en anmeldelse av filmen «Wrath of the Titans» på rundt 500 ord hvor du gir terningkast 4
3197,Skriv en anmeldelse av filmen «Der Untergang» på rundt 500 ord hvor du gir terningkast 6
4505,Skriv en anmeldelse av filmen «Inherent Vice» på rundt 500 ord hvor du gir terningkast 5
5177,Skriv en anmeldelse av filmen «Norske byggeklosser» på rundt 400 ord hvor du gir terningkast 4
265,Skriv en anmeldelse av TV-serien «American Horror Story: Hotel – Sesongpremiere» på rundt 700 ord hvor du gir terningkast 3
4778,Skriv en anmeldelse av filmen «Our Kind of Traitor» på rundt 100 ord hvor du gir terningkast 3
3393,Skriv en anmeldelse av filmen «En ekte mann» på rundt 400 ord hvor du gir terningkast 3
4911,Skriv en anmeldelse av filmen «Lion» på rundt 100 ord hvor du gir terningkast 4
401360,Skriv en anmeldelse av filmen «Black Panther» på rundt 500 ord hvor du gir terningkast 5
4829,Skriv en anmeldelse av filmen «Rosemari» på rundt 100 ord hvor du gir terningkast 4
4674,Skriv en anmeldelse av filmen «A Very Murray Christmas» på rundt 500 ord hvor du gir terningkast 5
401782,Skriv en anmeldelse av filmen «Sterke vitnesbyrd fra Utøya» på rundt 700 ord hvor du gir terningkast 4
5361,Skriv en anmeldelse av filmen «History of Love» på rundt 100 ord hvor du gir terningkast 4
4000,Skriv en anmeldelse av filmen «The Woman in Black» på rundt 700 ord hvor du gir terningkast 5
5273,Skriv en anmeldelse av filmen «Racer and the Jailbird» på rundt 100 ord hvor du gir terningkast 3
3814,Skriv en anmeldelse av filmen «Bridesmaids» på rundt 600 ord hvor du gir terningkast 3
4685,Skriv en anmeldelse av filmen «En mann ved navn Ove» på rundt 400 ord hvor du gir terningkast 4
3637,Skriv en anmeldelse av filmen «Centurion» på rundt 300 ord hvor du gir terningkast 4
354,Skriv en anmeldelse av TV-serien «Santa Clarita Diet» sesong 1 på rundt 100 ord hvor du gir terningkast 4
4154,Skriv en anmeldelse av filmen «Only God Forgives» på rundt 500 ord hvor du gir terningkast 4
401722,Skriv en anmeldelse av filmen «The Nun» på rundt 400 ord hvor du gir terningkast 2
3595,Skriv en anmeldelse av filmen «Dragetreneren» på rundt 300 ord hvor du gir terningkast 5
5212,Skriv en anmeldelse av filmen «Death Wish» på rundt 600 ord hvor du gir terningkast 3
4082,Skriv en anmeldelse av filmen «Jack Reacher» på rundt 400 ord hvor du gir terningkast 4
3626,Skriv en anmeldelse av filmen «Killers» på rundt 400 ord hvor du gir terningkast 2
401346,Skriv en anmeldelse av filmen «Utøya 22. juli» på rundt 800 ord hvor du gir terningkast 5
3479,Skriv en anmeldelse av filmen «Transporter 3» på rundt 400 ord hvor du gir terningkast 3
5279,Skriv en anmeldelse av filmen «The Predator» på rundt 100 ord hvor du gir terningkast 4
3283,Skriv en anmeldelse av filmen «Hairspray» på rundt 400 ord hvor du gir terningkast 4
5328,Skriv en anmeldelse av filmen «Mowgli» på rundt 600 ord hvor du gir terningkast 4
4458,Skriv en anmeldelse av filmen «Exodus: Gods and Kings» på rundt 500 ord hvor du gir terningkast 3
4715,Skriv en anmeldelse av filmen «Min elskede» på rundt 300 ord hvor du gir terningkast 4
3321,Skriv en anmeldelse av filmen «Resident Evil: Extinction» på rundt 400 ord hvor du gir terningkast 3
400203,Skriv en anmeldelse av filmen «Markedets lov» på rundt 100 ord hvor du gir terningkast 5
3498,Skriv en anmeldelse av filmen «Han er faktisk ikke interessert» på rundt 400 ord hvor du gir terningkast 4
402054,Skriv en anmeldelse av filmen «They Shall Not Grow Old» på rundt 100 ord hvor du gir terningkast 6
4809,Skriv en anmeldelse av filmen «Bad Moms» på rundt 100 ord hvor du gir terningkast 3
4749,Skriv en anmeldelse av filmen «El Club» på rundt 100 ord hvor du gir terningkast 5
400182,Skriv en anmeldelse av filmen «The Nice Guys»» på rundt 100 ord hvor du gir terningkast 4
4012,Skriv en anmeldelse av filmen «Kon-tiki» på rundt 700 ord hvor du gir terningkast 5
5014,Skriv en anmeldelse av filmen «The Mummy» på rundt 100 ord hvor du gir terningkast 3
5103,Skriv en anmeldelse av filmen «American Assassin» på rundt 600 ord hvor du gir terningkast 3
3165,Skriv en anmeldelse av filmen «Monsterbedriften» på rundt 300 ord hvor du gir terningkast 6
4274,Skriv en anmeldelse av filmen «Paranormal Activity: The Marked Ones» på rundt 400 ord hvor du gir terningkast 3
4220,Skriv en anmeldelse av filmen «Alabama & Monroe» på rundt 400 ord hvor du gir terningkast 4
5411,Skriv en anmeldelse av TV-serien «Mindhunter» sesong 1 på rundt 800 ord hvor du gir terningkast 5
3363,Skriv en anmeldelse av filmen «Righteous Kill» på rundt 400 ord hvor du gir terningkast 3
3665,Skriv en anmeldelse av filmen «Scott Pilgrim vs. The World» på rundt 400 ord hvor du gir terningkast 4
400810,Skriv en anmeldelse av TV-serien «Tyskland 83» på rundt 600 ord hvor du gir terningkast 5
3281,Skriv en anmeldelse av filmen «This Is England» på rundt 400 ord hvor du gir terningkast 5
3707,Skriv en anmeldelse av filmen «Legenden om Narnia - Reisen til Det Ytterste Hav» på rundt 500 ord hvor du gir terningkast 4
4816,Skriv en anmeldelse av filmen «Star Trek Beyond» på rundt 100 ord hvor du gir terningkast 4
3800,Skriv en anmeldelse av filmen «Priest» på rundt 400 ord hvor du gir terningkast 3
4580,Skriv en anmeldelse av filmen «7 Days in Hell» på rundt 600 ord hvor du gir terningkast 5
3594,Skriv en anmeldelse av filmen «The Bounty Hunter» på rundt 300 ord hvor du gir terningkast 2
400075,Skriv en anmeldelse av filmen «Unbroken» på rundt 400 ord hvor du gir terningkast 3
4677,Skriv en anmeldelse av filmen «Solan og Ludvig: Herfra til Flåklypa» på rundt 500 ord hvor du gir terningkast 5
5108,Skriv en anmeldelse av filmen «Sicilian Ghost Story» på rundt 500 ord hvor du gir terningkast 5
5324,Skriv en anmeldelse av filmen «Harajuku» på rundt 700 ord hvor du gir terningkast 4
400270,Skriv en anmeldelse av filmen «Truth» på rundt 500 ord hvor du gir terningkast 3
3527,Skriv en anmeldelse av filmen «The Boy in the Striped Pyjamas» på rundt 400 ord hvor du gir terningkast 3
5404,Skriv en anmeldelse av TV-serien «Narcos» sesong 3 på rundt 700 ord hvor du gir terningkast 5
3901,Skriv en anmeldelse av filmen «The Darkest Hour» på rundt 400 ord hvor du gir terningkast 2
3879,Skriv en anmeldelse av filmen «Blåfjell 2 – Jakten på det magiske horn» på rundt 600 ord hvor du gir terningkast 4
401541,Skriv en anmeldelse av filmen «Deadpool 2» på rundt 500 ord hvor du gir terningkast 5
401653,Skriv en anmeldelse av TV-serien «The Innocents» på rundt 600 ord hvor du gir terningkast 3
3461,Skriv en anmeldelse av filmen «The day the earth stood still» på rundt 500 ord hvor du gir terningkast 3
400231,Skriv en anmeldelse av filmen «Room» på rundt 100 ord hvor du gir terningkast 5
401613,Skriv en anmeldelse av filmen «To All the Boys I've Loved Before» på rundt 400 ord hvor du gir terningkast 5
4162,Skriv en anmeldelse av filmen «After Earth» på rundt 600 ord hvor du gir terningkast 3
400299,Skriv en anmeldelse av filmen «Jacques – Havets erobrer» på rundt 100 ord hvor du gir terningkast 3
3709,Skriv en anmeldelse av filmen «The Town» på rundt 400 ord hvor du gir terningkast 5
95,Skriv en anmeldelse av TV-serien «Gossip Girl» sesong 4 på rundt 700 ord hvor du gir terningkast 4
4548,Skriv en anmeldelse av filmen «La Tête Haute» på rundt 300 ord hvor du gir terningkast 4
5203,Skriv en anmeldelse av filmen «Gringo» på rundt 400 ord hvor du gir terningkast 3
4672,Skriv en anmeldelse av filmen «Snoopy og Charlie Brown: Knøttene-filmen» på rundt 400 ord hvor du gir terningkast 4
401712,Skriv en anmeldelse av TV-serien «Mayans MC» på rundt 100 ord hvor du gir terningkast 4
4659,Skriv en anmeldelse av filmen «Ronaldo» på rundt 600 ord hvor du gir terningkast 3
4531,Skriv en anmeldelse av filmen «Ballettguttene» på rundt 400 ord hvor du gir terningkast 4
400317,Skriv en anmeldelse av filmen «Baywatch» på rundt 100 ord hvor du gir terningkast 1
3513,Skriv en anmeldelse av filmen «Taken» på rundt 500 ord hvor du gir terningkast 5
400129,Skriv en anmeldelse av filmen «Inferno» på rundt 100 ord hvor du gir terningkast 3
4483,Skriv en anmeldelse av filmen «Unbroken» på rundt 400 ord hvor du gir terningkast 4
3524,Skriv en anmeldelse av filmen «The Boat that Rocked» på rundt 400 ord hvor du gir terningkast 3
400003,Skriv en anmeldelse av filmen «Ant-Man» på rundt 100 ord hvor du gir terningkast 4
401981,Skriv en anmeldelse av filmen «Alita: Battle Angel» på rundt 100 ord hvor du gir terningkast 4
400296,"Skriv en anmeldelse av filmen «Jauja: Vakkert, men tomt» på rundt 100 ord hvor du gir terningkast 3"
400245,Skriv en anmeldelse av filmen «The Assassin» på rundt 100 ord hvor du gir terningkast 6
5194,Skriv en anmeldelse av filmen «120 slag i minuttet» på rundt 500 ord hvor du gir terningkast 5
400776,Skriv en anmeldelse av TV-serien «Fargo» sesong 1 på rundt 100 ord hvor du gir terningkast 5
3628,Skriv en anmeldelse av filmen «Shrek: Lykkelig alle sine dager» på rundt 400 ord hvor du gir terningkast 3
5146,Skriv en anmeldelse av filmen «Darkest Hour» på rundt 700 ord hvor du gir terningkast 5
400369,Skriv en anmeldelse av filmen «Det norske hus» på rundt 100 ord hvor du gir terningkast 1
3326,Skriv en anmeldelse av filmen «Kikis budservice» på rundt 300 ord hvor du gir terningkast 4
3600,Skriv en anmeldelse av filmen «An Education» på rundt 400 ord hvor du gir terningkast 4
3368,Skriv en anmeldelse av filmen «Death Sentence» på rundt 400 ord hvor du gir terningkast 4
4723,Skriv en anmeldelse av filmen «Mustang» på rundt 300 ord hvor du gir terningkast 5
400251,Skriv en anmeldelse av filmen «Den gode dinosaur» på rundt 100 ord hvor du gir terningkast 3
4074,Skriv en anmeldelse av filmen «Hobbiten: En uventet reise» på rundt 600 ord hvor du gir terningkast 5
5446,Skriv en anmeldelse av TV-serien «Sweetbitter» sesong 1 på rundt 500 ord hvor du gir terningkast 3
3528,Skriv en anmeldelse av filmen «Yes Man» på rundt 300 ord hvor du gir terningkast 4
400382,Skriv en anmeldelse av filmen «The Rules for Everything» på rundt 100 ord hvor du gir terningkast 3
3960,Skriv en anmeldelse av filmen «Warrior» på rundt 400 ord hvor du gir terningkast 5
4017,Skriv en anmeldelse av filmen «Jaws» på rundt 600 ord hvor du gir terningkast 6
3588,Skriv en anmeldelse av filmen «Valhalla Rising» på rundt 400 ord hvor du gir terningkast 4
4384,Skriv en anmeldelse av filmen «Hercules» på rundt 500 ord hvor du gir terningkast 4
3228,Skriv en anmeldelse av filmen «Inga tårar» på rundt 300 ord hvor du gir terningkast 2
3488,Skriv en anmeldelse av filmen «Traitor» på rundt 400 ord hvor du gir terningkast 3
3718,Skriv en anmeldelse av filmen «Fjellet» på rundt 300 ord hvor du gir terningkast 5
3409,Skriv en anmeldelse av filmen «Narnia: Prins Caspian» på rundt 400 ord hvor du gir terningkast 4
400151,Skriv en anmeldelse av filmen «Cave» på rundt 100 ord hvor du gir terningkast 3
4371,Skriv en anmeldelse av filmen «Dragetreneren 2» på rundt 500 ord hvor du gir terningkast 5
76,Skriv en anmeldelse av TV-serien «Merlin» sesong 3 på rundt 600 ord hvor du gir terningkast 4
4091,Skriv en anmeldelse av filmen «Frankenweenie» på rundt 300 ord hvor du gir terningkast 4
4666,Skriv en anmeldelse av filmen «Himmelen over Havanna» på rundt 400 ord hvor du gir terningkast 4
400325,Skriv en anmeldelse av filmen «Min arabiske vår» på rundt 100 ord hvor du gir terningkast 5
4551,Skriv en anmeldelse av filmen «Innsiden Ut» på rundt 400 ord hvor du gir terningkast 5
4066,Skriv en anmeldelse av filmen «Lawrence of Arabia» på rundt 1400 ord hvor du gir terningkast 6
5443,Skriv en anmeldelse av TV-serien «Succession» sesong 1 på rundt 600 ord hvor du gir terningkast 4
3392,Skriv en anmeldelse av filmen «Indiana Jones og Krystallhodeskallens rike» på rundt 500 ord hvor du gir terningkast 6
5138,Skriv en anmeldelse av filmen «The Disaster Artist» på rundt 600 ord hvor du gir terningkast 5
82,Skriv en anmeldelse av TV-serien «The Walking Dead» sesong 1 på rundt 500 ord hvor du gir terningkast 5
3630,Skriv en anmeldelse av filmen «Soul Kitchen» på rundt 400 ord hvor du gir terningkast 5
4787,Skriv en anmeldelse av filmen «A Perfect Day» på rundt 100 ord hvor du gir terningkast 5
3687,Skriv en anmeldelse av filmen «Cornelis» på rundt 400 ord hvor du gir terningkast 4
4854,Skriv en anmeldelse av filmen «Havet brenner» på rundt 100 ord hvor du gir terningkast 5
400784,Skriv en anmeldelse av TV-serien «Farang: Trøbbel i paradis» på rundt 100 ord hvor du gir terningkast 4
3425,Skriv en anmeldelse av filmen «Wanted» på rundt 400 ord hvor du gir terningkast 4
4196,Skriv en anmeldelse av filmen «Hokus pokus Albert Åberg» på rundt 500 ord hvor du gir terningkast 5
400257,Skriv en anmeldelse av filmen «The Hateful Eight» på rundt 100 ord hvor du gir terningkast 5
5456,Skriv en anmeldelse av TV-serien «Ozark» sesong 2 på rundt 100 ord hvor du gir terningkast 4
3509,Skriv en anmeldelse av filmen «Revansje» på rundt 500 ord hvor du gir terningkast 4
4121,Skriv en anmeldelse av filmen «The Croods» på rundt 500 ord hvor du gir terningkast 4
4114,Skriv en anmeldelse av filmen «Identity Thief» på rundt 400 ord hvor du gir terningkast 3
4762,Skriv en anmeldelse av filmen «Captain America: Civil War» på rundt 500 ord hvor du gir terningkast 5
3399,Skriv en anmeldelse av filmen «Solsikkenes natt» på rundt 400 ord hvor du gir terningkast 5
3789,Skriv en anmeldelse av filmen «Pirates Of The Caribbean: On Stranger Tides» på rundt 400 ord hvor du gir terningkast 3
401499,Skriv en anmeldelse av TV-serien «Bosch» sesong 4 på rundt 500 ord hvor du gir terningkast 5
5326,Skriv en anmeldelse av filmen «Satan's Slaves» på rundt 700 ord hvor du gir terningkast 4
3262,Skriv en anmeldelse av filmen «The Hitcher» på rundt 400 ord hvor du gir terningkast 4
5192,Skriv en anmeldelse av filmen «Lady Bird» på rundt 500 ord hvor du gir terningkast 5
4687,Skriv en anmeldelse av filmen «Point Break» på rundt 500 ord hvor du gir terningkast 2
401079,Skriv en anmeldelse av filmen «Kingsman - The Golden Circle» på rundt 400 ord hvor du gir terningkast 4
402115,Skriv en anmeldelse av TV-serien «Chernobyl» på rundt 100 ord hvor du gir terningkast 6
41,Skriv en anmeldelse av TV-serien «The Unit» sesong 4 på rundt 800 ord hvor du gir terningkast 4
4626,Skriv en anmeldelse av filmen «The Martian» på rundt 600 ord hvor du gir terningkast 5
3546,Skriv en anmeldelse av filmen «The Haunting in Connecticut» på rundt 300 ord hvor du gir terningkast 3
3598,Skriv en anmeldelse av filmen «Libanon» på rundt 300 ord hvor du gir terningkast 5
400166,Skriv en anmeldelse av filmen «Lights out» på rundt 100 ord hvor du gir terningkast 5
4736,Skriv en anmeldelse av filmen «Knight of Cups» på rundt 500 ord hvor du gir terningkast 4
401831,Skriv en anmeldelse av filmen «Rafiki» på rundt 400 ord hvor du gir terningkast 4
4284,Skriv en anmeldelse av filmen «Jack Ryan: Shadow Recruit» på rundt 400 ord hvor du gir terningkast 3
4658,Skriv en anmeldelse av filmen «Søsken til evig tid: Amerikareisa» på rundt 400 ord hvor du gir terningkast 4
3381,"Skriv en anmeldelse av filmen «Be Kind, Rewind» på rundt 300 ord hvor du gir terningkast 4"
401316,Skriv en anmeldelse av filmen «Spacewalker» på rundt 400 ord hvor du gir terningkast 4
5101,Skriv en anmeldelse av filmen «Happy Death Day» på rundt 700 ord hvor du gir terningkast 3
5112,Skriv en anmeldelse av filmen «Mord på Orientekspressen» på rundt 500 ord hvor du gir terningkast 3
3583,Skriv en anmeldelse av filmen «Alle mine kjære» på rundt 400 ord hvor du gir terningkast 3
4363,Skriv en anmeldelse av filmen «Det er meg du vil ha» på rundt 400 ord hvor du gir terningkast 4
3192,Skriv en anmeldelse av filmen «Bad Santa» på rundt 300 ord hvor du gir terningkast 1
3636,Skriv en anmeldelse av filmen «Trollmannens læregutt» på rundt 400 ord hvor du gir terningkast 3
401459,Skriv en anmeldelse av filmen «Jeg vet hvem du er» på rundt 400 ord hvor du gir terningkast 3
3989,Skriv en anmeldelse av filmen «Safe» på rundt 400 ord hvor du gir terningkast 3
5127,Skriv en anmeldelse av filmen «Stjernen» på rundt 700 ord hvor du gir terningkast 3
4980,Skriv en anmeldelse av filmen «Going in Style» på rundt 100 ord hvor du gir terningkast 3
4863,Skriv en anmeldelse av filmen «The Autopsy of Jane Doe» på rundt 100 ord hvor du gir terningkast 5
3792,Skriv en anmeldelse av filmen «Source Code» på rundt 500 ord hvor du gir terningkast 4
4019,Skriv en anmeldelse av filmen «The Bourne Legacy» på rundt 400 ord hvor du gir terningkast 4
4527,Skriv en anmeldelse av filmen «The DUFF» på rundt 400 ord hvor du gir terningkast 3
5365,Skriv en anmeldelse av filmen «If Beale Street Could Talk» på rundt 100 ord hvor du gir terningkast 4
4132,Skriv en anmeldelse av filmen «Oblivion» på rundt 400 ord hvor du gir terningkast 4
4586,Skriv en anmeldelse av filmen «The Gallows» på rundt 700 ord hvor du gir terningkast 1
428,Skriv en anmeldelse av filmen «Det regner kjøttboller» på rundt 400 ord hvor du gir terningkast 4
3554,Skriv en anmeldelse av filmen «G.I. Joe: The Rise of Cobra» på rundt 500 ord hvor du gir terningkast 4
5024,Skriv en anmeldelse av filmen «Cézanne & Zola» på rundt 600 ord hvor du gir terningkast 3
3992,Skriv en anmeldelse av filmen «What To Expect When You're Expecting» på rundt 400 ord hvor du gir terningkast 3
4211,Skriv en anmeldelse av filmen «Turbo» på rundt 400 ord hvor du gir terningkast 3
97,Skriv en anmeldelse av TV-serien «Supernatural: The Anime Series» sesong 1 på rundt 500 ord hvor du gir terningkast 2
5170,Skriv en anmeldelse av filmen «Den of Thieves» på rundt 500 ord hvor du gir terningkast 4
4421,Skriv en anmeldelse av filmen «Skumringslandet» på rundt 500 ord hvor du gir terningkast 3
91,Skriv en anmeldelse av TV-serien «Eastbound & Down» sesong 2 på rundt 700 ord hvor du gir terningkast 5
5340,Skriv en anmeldelse av filmen «Aquaman» på rundt 600 ord hvor du gir terningkast 4
4089,Skriv en anmeldelse av filmen «Les Misérables» på rundt 700 ord hvor du gir terningkast 4
4310,Skriv en anmeldelse av filmen «Doktor Proktors prompepulver» på rundt 500 ord hvor du gir terningkast 4
3567,Skriv en anmeldelse av filmen «Little Miss Sunshine» på rundt 400 ord hvor du gir terningkast 5
400238,Skriv en anmeldelse av filmen «Min elskede» på rundt 100 ord hvor du gir terningkast 4
5000,Skriv en anmeldelse av filmen «The Shack» på rundt 100 ord hvor du gir terningkast 2
400336,Skriv en anmeldelse av filmen «Song to song»» på rundt 100 ord hvor du gir terningkast 3
3784,Skriv en anmeldelse av filmen «The Mechanic» på rundt 500 ord hvor du gir terningkast 3
4100,Skriv en anmeldelse av filmen «Rive-Rolf» på rundt 400 ord hvor du gir terningkast 5
4651,Skriv en anmeldelse av filmen «Dheepan» på rundt 500 ord hvor du gir terningkast 5
3539,Skriv en anmeldelse av filmen «Coraline og den hemmelige dør» på rundt 400 ord hvor du gir terningkast 6
402033,Skriv en anmeldelse av filmen «Vox Lux» på rundt 100 ord hvor du gir terningkast 3
3308,Skriv en anmeldelse av filmen «Saw 4» på rundt 400 ord hvor du gir terningkast 3
3221,Skriv en anmeldelse av filmen «Mars & Venus» på rundt 400 ord hvor du gir terningkast 4
3652,Skriv en anmeldelse av filmen «Dinner For Schmucks» på rundt 400 ord hvor du gir terningkast 2
4704,Skriv en anmeldelse av filmen «Grendel» på rundt 500 ord hvor du gir terningkast 2
433,Skriv en anmeldelse av filmen «Olsenbanden Jr. Mestertyvens skatt» på rundt 400 ord hvor du gir terningkast 4
4520,Skriv en anmeldelse av filmen «Into the Woods» på rundt 500 ord hvor du gir terningkast 3
401230,Skriv en anmeldelse av filmen «Rom 213» på rundt 400 ord hvor du gir terningkast 3
4913,Skriv en anmeldelse av filmen «Bright Lights: Starring Carrie Fisher and Debbie Reynolds» på rundt 100 ord hvor du gir terningkast 5
400819,Skriv en anmeldelse av TV-serien «Show Me a Hero» på rundt 100 ord hvor du gir terningkast 5
5280,Skriv en anmeldelse av filmen «The Nun» på rundt 100 ord hvor du gir terningkast 4
4814,Skriv en anmeldelse av filmen «Batman: The Killing Joke» på rundt 100 ord hvor du gir terningkast 3
3581,Skriv en anmeldelse av filmen «Alice In Wonderland» på rundt 400 ord hvor du gir terningkast 4
5144,Skriv en anmeldelse av filmen «Insidious: The Last Key» på rundt 600 ord hvor du gir terningkast 3
3774,Skriv en anmeldelse av filmen «Skrik 4» på rundt 500 ord hvor du gir terningkast 3
4332,Skriv en anmeldelse av filmen «Nebraska» på rundt 400 ord hvor du gir terningkast 5
4669,Skriv en anmeldelse av filmen «By The Sea» på rundt 400 ord hvor du gir terningkast 3
4919,Skriv en anmeldelse av filmen «Live by Night» på rundt 100 ord hvor du gir terningkast 4
4565,Skriv en anmeldelse av filmen «Kung Fury» på rundt 500 ord hvor du gir terningkast 5
400372,Skriv en anmeldelse av filmen «T2 Trainspotting» på rundt 100 ord hvor du gir terningkast 4
5088,Skriv en anmeldelse av filmen «Blade Runner 2049» på rundt 700 ord hvor du gir terningkast 6
208,Skriv en anmeldelse av TV-serien «Vikings» sesong 3 på rundt 700 ord hvor du gir terningkast 3
400781,Skriv en anmeldelse av TV-serien «Gnistrende start på dansk terrorthriller» på rundt 100 ord hvor du gir terningkast 4
400007,Skriv en anmeldelse av filmen «Ted 2» på rundt 100 ord hvor du gir terningkast 2
401437,Skriv en anmeldelse av filmen «Annihilation» på rundt 700 ord hvor du gir terningkast 5
5081,Skriv en anmeldelse av filmen «Victoria and Abdul» på rundt 600 ord hvor du gir terningkast 3
5,Skriv en anmeldelse av TV-serien «Nurse Jackie» sesong 1 på rundt 300 ord hvor du gir terningkast 5
3336,Skriv en anmeldelse av filmen «Den andre siden» på rundt 300 ord hvor du gir terningkast 5
133,Skriv en anmeldelse av TV-serien «Justified» sesong 3 på rundt 500 ord hvor du gir terningkast 5
3254,Skriv en anmeldelse av filmen «Hart’s War» på rundt 400 ord hvor du gir terningkast 4
51,Skriv en anmeldelse av TV-serien «Wallander» på rundt 100 ord hvor du gir terningkast 5
3618,Skriv en anmeldelse av filmen «Dear John» på rundt 400 ord hvor du gir terningkast 2
3575,Skriv en anmeldelse av filmen «Til huttetuenes land» på rundt 500 ord hvor du gir terningkast 5
4434,Skriv en anmeldelse av filmen «Interstellar» på rundt 500 ord hvor du gir terningkast 5
4333,Skriv en anmeldelse av filmen «The Other Woman» på rundt 600 ord hvor du gir terningkast 3
400989,Skriv en anmeldelse av filmen «Atomic Blonde» på rundt 400 ord hvor du gir terningkast 4
5135,Skriv en anmeldelse av filmen «Den 12. mann» på rundt 500 ord hvor du gir terningkast 5
4589,Skriv en anmeldelse av filmen «Far from the Madding Crowd» på rundt 700 ord hvor du gir terningkast 4
4006,Skriv en anmeldelse av filmen «Ted» på rundt 400 ord hvor du gir terningkast 5
4637,Skriv en anmeldelse av filmen «Crimson Peak» på rundt 400 ord hvor du gir terningkast 4
401741,Skriv en anmeldelse av filmen «22 July» på rundt 900 ord hvor du gir terningkast 4
401942,Skriv en anmeldelse av TV-serien «Heimebane» på rundt 100 ord hvor du gir terningkast 5
3332,Skriv en anmeldelse av filmen «I am legend» på rundt 400 ord hvor du gir terningkast 4
5416,Skriv en anmeldelse av TV-serien «Dark» sesong 1 på rundt 600 ord hvor du gir terningkast 4
4581,Skriv en anmeldelse av filmen «The Little Death» på rundt 500 ord hvor du gir terningkast 4
3210,Skriv en anmeldelse av filmen «Casino Royale» på rundt 500 ord hvor du gir terningkast 5
404,Skriv en anmeldelse av filmen «Law Abiding Citizen» på rundt 400 ord hvor du gir terningkast 3
400322,Skriv en anmeldelse av filmen «DRIB» på rundt 100 ord hvor du gir terningkast 4
5005,Skriv en anmeldelse av filmen «De første skal bli de siste» på rundt 100 ord hvor du gir terningkast 5
4898,Skriv en anmeldelse av filmen «Office Christmas Party» på rundt 100 ord hvor du gir terningkast 3
5341,Skriv en anmeldelse av filmen «Troll – Kongens hale» på rundt 600 ord hvor du gir terningkast 3
52,Skriv en anmeldelse av TV-serien «Ashes to Ashes» sesong 2 på rundt 800 ord hvor du gir terningkast 3
402114,Skriv en anmeldelse av filmen «The Curse of La Llorona» på rundt 100 ord hvor du gir terningkast 3
400136,Skriv en anmeldelse av filmen «Weiner» på rundt 100 ord hvor du gir terningkast 5
4514,Skriv en anmeldelse av filmen «The Gunman» på rundt 500 ord hvor du gir terningkast 3
3490,Skriv en anmeldelse av filmen «Bolt» på rundt 400 ord hvor du gir terningkast 4
401411,Skriv en anmeldelse av filmen «Vårt livs ferie»» på rundt 500 ord hvor du gir terningkast 4
5355,Skriv en anmeldelse av filmen «Glass» på rundt 100 ord hvor du gir terningkast 3
5317,Skriv en anmeldelse av filmen «Rafiki» på rundt 500 ord hvor du gir terningkast 4
4500,Skriv en anmeldelse av filmen «Still Alice» på rundt 400 ord hvor du gir terningkast 4
4624,Skriv en anmeldelse av filmen «Pawn Sacrifice» på rundt 300 ord hvor du gir terningkast 4
3793,Skriv en anmeldelse av filmen «The Beaver» på rundt 600 ord hvor du gir terningkast 4
4636,Skriv en anmeldelse av filmen «Taxi Teheran» på rundt 400 ord hvor du gir terningkast 5
400038,Skriv en anmeldelse av filmen «A Most Violent Year» på rundt 600 ord hvor du gir terningkast 4
4138,Skriv en anmeldelse av filmen «Hvem lurte Roger Rabbit» på rundt 900 ord hvor du gir terningkast 5
4557,Skriv en anmeldelse av filmen «Disney Tomorrowland – A World Beyond» på rundt 500 ord hvor du gir terningkast 4
3633,Skriv en anmeldelse av filmen «Marmaduke» på rundt 500 ord hvor du gir terningkast 3
401311,Skriv en anmeldelse av filmen «Wonderstruck» på rundt 700 ord hvor du gir terningkast 4
401624,Skriv en anmeldelse av filmen «De utrolige 2»» på rundt 700 ord hvor du gir terningkast 5
5301,Skriv en anmeldelse av filmen «The Miseducation of Cameron Post» på rundt 700 ord hvor du gir terningkast 4
4939,Skriv en anmeldelse av filmen «Eventyr i Arktis» på rundt 100 ord hvor du gir terningkast 4
63,Skriv en anmeldelse av TV-serien «Treme» sesong 1 på rundt 500 ord hvor du gir terningkast 6
4806,Skriv en anmeldelse av filmen «Ghostbusters» på rundt 100 ord hvor du gir terningkast 4
4671,Skriv en anmeldelse av filmen «Etterskjelv» på rundt 400 ord hvor du gir terningkast 5
3976,Skriv en anmeldelse av filmen «Men in Black 3» på rundt 400 ord hvor du gir terningkast 5
3882,Skriv en anmeldelse av filmen «The Rum Diary» på rundt 500 ord hvor du gir terningkast 4
261,Skriv en anmeldelse av TV-serien «CSI Serieavslutning» på rundt 700 ord hvor du gir terningkast 4
3997,Skriv en anmeldelse av filmen «The Dark Knight Rises» på rundt 700 ord hvor du gir terningkast 4
400811,Skriv en anmeldelse av TV-serien «The Bastard Executioner» på rundt 600 ord hvor du gir terningkast 2
5432,Skriv en anmeldelse av TV-serien «Jessica Jones» sesong 2 på rundt 800 ord hvor du gir terningkast 5
3685,Skriv en anmeldelse av filmen «The Other Guys» på rundt 400 ord hvor du gir terningkast 4
400260,Skriv en anmeldelse av filmen «Solan og Ludvig – Herfra til Flåklypa» på rundt 400 ord hvor du gir terningkast 4
3193,Skriv en anmeldelse av filmen «Anchorman: The Legend Of Ron Burgundy» på rundt 400 ord hvor du gir terningkast 5
5332,Skriv en anmeldelse av filmen «Mortal Engines» på rundt 600 ord hvor du gir terningkast 3
3526,Skriv en anmeldelse av filmen «State of Play» på rundt 300 ord hvor du gir terningkast 4
400275,Skriv en anmeldelse av filmen «Himmelen over Havanna» på rundt 400 ord hvor du gir terningkast 4
400120,Skriv en anmeldelse av filmen «Arrival»» på rundt 100 ord hvor du gir terningkast 6
4496,Skriv en anmeldelse av filmen «Starred Up» på rundt 400 ord hvor du gir terningkast 5
5316,Skriv en anmeldelse av filmen «The Ballad of Buster Scruggs» på rundt 500 ord hvor du gir terningkast 5
401464,Skriv en anmeldelse av TV-serien «The Handmaid’s Tale» sesong 2 på rundt 500 ord hvor du gir terningkast 5
3480,Skriv en anmeldelse av filmen «The Spirit» på rundt 400 ord hvor du gir terningkast 4
4683,Skriv en anmeldelse av filmen «In The Heart Of The Sea» på rundt 500 ord hvor du gir terningkast 3
3532,Skriv en anmeldelse av filmen «Inglourious Basterds» på rundt 500 ord hvor du gir terningkast 4
4205,Skriv en anmeldelse av filmen «One Direction: This Is Us» på rundt 500 ord hvor du gir terningkast 3
324,Skriv en anmeldelse av TV-serien «Roadies» sesong 1 på rundt 100 ord hvor du gir terningkast 3
4533,Skriv en anmeldelse av filmen «Get Hard» på rundt 600 ord hvor du gir terningkast 3
4372,Skriv en anmeldelse av filmen «Walking on Sunshine» på rundt 500 ord hvor du gir terningkast 2
110,Skriv en anmeldelse av TV-serien «Nissene over skog og hei» på rundt 400 ord hvor du gir terningkast 5
269,Skriv en anmeldelse av TV-serien «Flesh and Bone» på rundt 600 ord hvor du gir terningkast 3
4882,Skriv en anmeldelse av filmen «Yarden» på rundt 100 ord hvor du gir terningkast 5
3404,Skriv en anmeldelse av filmen «Mamma Mia!» på rundt 400 ord hvor du gir terningkast 4
4320,Skriv en anmeldelse av filmen «Natt til 17.» på rundt 400 ord hvor du gir terningkast 5
270,Skriv en anmeldelse av TV-serien «Master of None» sesong 1 på rundt 800 ord hvor du gir terningkast 5
3913,Skriv en anmeldelse av filmen «Pus med støvler» på rundt 400 ord hvor du gir terningkast 4
4576,Skriv en anmeldelse av filmen «Maggie» på rundt 400 ord hvor du gir terningkast 3
5356,Skriv en anmeldelse av filmen «Second Act» på rundt 100 ord hvor du gir terningkast 3
4717,Skriv en anmeldelse av filmen «Alvin og gjengen: I farta» på rundt 500 ord hvor du gir terningkast 3
4684,Skriv en anmeldelse av filmen «Joy» på rundt 400 ord hvor du gir terningkast 4
4579,Skriv en anmeldelse av filmen «Theeb – Ulven» på rundt 400 ord hvor du gir terningkast 5
5364,Skriv en anmeldelse av filmen «Alita: Battle Angel» på rundt 100 ord hvor du gir terningkast 4
401516,Skriv en anmeldelse av TV-serien «Bobby Kennedy for president» på rundt 1200 ord hvor du gir terningkast 5
3542,Skriv en anmeldelse av filmen «Drag me to hell» på rundt 400 ord hvor du gir terningkast 4
5033,Skriv en anmeldelse av filmen «Spider-Man: Homecoming» på rundt 500 ord hvor du gir terningkast 4
3421,Skriv en anmeldelse av filmen «Får jag lov – till den sista dansen» på rundt 400 ord hvor du gir terningkast 4
4705,Skriv en anmeldelse av filmen «Suffragette - Kampen for frihet» på rundt 700 ord hvor du gir terningkast 4
3964,Skriv en anmeldelse av filmen «The Avengers» på rundt 500 ord hvor du gir terningkast 5
3587,Skriv en anmeldelse av filmen «Green Zone» på rundt 400 ord hvor du gir terningkast 4
4241,Skriv en anmeldelse av filmen «Flåklypa Grand Prix» på rundt 1300 ord hvor du gir terningkast 6
5300,Skriv en anmeldelse av filmen «Grensen» på rundt 500 ord hvor du gir terningkast 5
4277,Skriv en anmeldelse av filmen «47 Ronin» på rundt 400 ord hvor du gir terningkast 3
113,Skriv en anmeldelse av TV-serien «Once Upon a Time» på rundt 500 ord hvor du gir terningkast 3
3314,Skriv en anmeldelse av filmen «Jar City» på rundt 400 ord hvor du gir terningkast 4
4076,Skriv en anmeldelse av filmen «Historien om Pi» på rundt 400 ord hvor du gir terningkast 4
3838,Skriv en anmeldelse av filmen «Til siste hinder» på rundt 500 ord hvor du gir terningkast 4
43,Skriv en anmeldelse av TV-serien «Dag» sesong 1 på rundt 600 ord hvor du gir terningkast 5
4269,Skriv en anmeldelse av filmen «Mr. Morgan's Last Love» på rundt 600 ord hvor du gir terningkast 2
3359,Skriv en anmeldelse av filmen «Respekt» på rundt 400 ord hvor du gir terningkast 3
5172,Skriv en anmeldelse av filmen «Isle of Dogs» på rundt 600 ord hvor du gir terningkast 5
86,Skriv en anmeldelse av TV-serien «Skins» sesong 4 på rundt 900 ord hvor du gir terningkast 4
4365,Skriv en anmeldelse av filmen «Sabotage» på rundt 400 ord hvor du gir terningkast 3
400130,Skriv en anmeldelse av filmen «Trolls» på rundt 100 ord hvor du gir terningkast 4
3255,Skriv en anmeldelse av filmen «Razzle Dazzle» på rundt 300 ord hvor du gir terningkast 3
62,Skriv en anmeldelse av TV-serien «Blue Mountain State» sesong 1 på rundt 400 ord hvor du gir terningkast 4
4325,Skriv en anmeldelse av filmen «The Lunchbox» på rundt 400 ord hvor du gir terningkast 5
400138,Skriv en anmeldelse av filmen «Absolutely Fabulous: The Movie» på rundt 100 ord hvor du gir terningkast 4
400267,Skriv en anmeldelse av filmen «Joy» på rundt 500 ord hvor du gir terningkast 4
3826,Skriv en anmeldelse av filmen «Heavy Metal» på rundt 700 ord hvor du gir terningkast 3
40,Skriv en anmeldelse av TV-serien «Merlin S2» på rundt 700 ord hvor du gir terningkast 5
400401,Skriv en anmeldelse av filmen «The Good Lie» på rundt 400 ord hvor du gir terningkast 4
3395,Skriv en anmeldelse av filmen «The Happening» på rundt 300 ord hvor du gir terningkast 3
3824,Skriv en anmeldelse av filmen «Green Lantern» på rundt 500 ord hvor du gir terningkast 3
4287,Skriv en anmeldelse av filmen «The Wolf of Wall Street» på rundt 600 ord hvor du gir terningkast 5
65,Skriv en anmeldelse av TV-serien «South Park» sesong 13 på rundt 500 ord hvor du gir terningkast 5
5050,Skriv en anmeldelse av filmen «Baby Driver» på rundt 700 ord hvor du gir terningkast 5
3386,Skriv en anmeldelse av filmen «Iron Man» på rundt 400 ord hvor du gir terningkast 5
5204,Skriv en anmeldelse av filmen «Det tredje mordet» på rundt 500 ord hvor du gir terningkast 4
4560,Skriv en anmeldelse av filmen «Love» på rundt 400 ord hvor du gir terningkast 3
3593,Skriv en anmeldelse av filmen «From Paris with Love» på rundt 400 ord hvor du gir terningkast 3
44,Skriv en anmeldelse av TV-serien «Community» sesong 1 på rundt 500 ord hvor du gir terningkast 5
4541,Skriv en anmeldelse av filmen «Run All Night» på rundt 400 ord hvor du gir terningkast 4
3708,Skriv en anmeldelse av filmen «Megahjerne» på rundt 400 ord hvor du gir terningkast 4
3338,Skriv en anmeldelse av filmen «National Treasure: Book of secrets» på rundt 400 ord hvor du gir terningkast 3
400135,Skriv en anmeldelse av filmen «Børning 2» på rundt 100 ord hvor du gir terningkast 3
3805,Skriv en anmeldelse av filmen «Jane Eyre» på rundt 300 ord hvor du gir terningkast 4
4889,Skriv en anmeldelse av filmen «The Girl on the Train» på rundt 100 ord hvor du gir terningkast 3
4844,Skriv en anmeldelse av filmen «The Girl with All the Gifts» på rundt 100 ord hvor du gir terningkast 5
4941,Skriv en anmeldelse av filmen «La La Land» på rundt 100 ord hvor du gir terningkast 5
5030,Skriv en anmeldelse av filmen «The House» på rundt 500 ord hvor du gir terningkast 2
5049,Skriv en anmeldelse av filmen «Atomic Blonde» på rundt 600 ord hvor du gir terningkast 5
401141,Skriv en anmeldelse av filmen «Blade Runner 2049» på rundt 500 ord hvor du gir terningkast 6
400326,Skriv en anmeldelse av filmen «Frantz» på rundt 100 ord hvor du gir terningkast 4
4003,Skriv en anmeldelse av filmen «Singin' in the Rain» på rundt 700 ord hvor du gir terningkast 5
4309,Skriv en anmeldelse av filmen «Need For Speed» på rundt 400 ord hvor du gir terningkast 4
394,Skriv en anmeldelse av filmen «The Hurt Locker» på rundt 400 ord hvor du gir terningkast 5
5336,Skriv en anmeldelse av filmen «Crazy Rich Asians» på rundt 700 ord hvor du gir terningkast 5
5187,Skriv en anmeldelse av filmen «You Were Never Really Here» på rundt 500 ord hvor du gir terningkast 5
3692,Skriv en anmeldelse av filmen «Back To The Future Trilogy» på rundt 500 ord hvor du gir terningkast 6
5452,Skriv en anmeldelse av TV-serien «Dietland» sesong 1 på rundt 900 ord hvor du gir terningkast 5
400228,Skriv en anmeldelse av filmen «Zootropolis» på rundt 100 ord hvor du gir terningkast 5
183,Skriv en anmeldelse av TV-serien «The Killing» sesong 4 på rundt 900 ord hvor du gir terningkast 4
274,Skriv en anmeldelse av TV-serien «Deutschland 83» sesong 1 på rundt 800 ord hvor du gir terningkast 5
4746,Skriv en anmeldelse av filmen «Grand Hotel» på rundt 500 ord hvor du gir terningkast 4
401964,Skriv en anmeldelse av filmen «The Hate U give» på rundt 100 ord hvor du gir terningkast 4
4098,Skriv en anmeldelse av filmen «Zero Dark Thirty» på rundt 400 ord hvor du gir terningkast 5
4858,Skriv en anmeldelse av filmen «Dagen i morgen» på rundt 100 ord hvor du gir terningkast 5
4194,Skriv en anmeldelse av filmen «Mormor og de åtte ungene» på rundt 600 ord hvor du gir terningkast 4
4350,Skriv en anmeldelse av filmen «The Search» på rundt 400 ord hvor du gir terningkast 3
3925,Skriv en anmeldelse av filmen «This Must Be The Place» på rundt 400 ord hvor du gir terningkast 4
3990,Skriv en anmeldelse av filmen «Istid 4: Kontinenter på avveie» på rundt 400 ord hvor du gir terningkast 4
4465,Skriv en anmeldelse av filmen «Girlhood» på rundt 500 ord hvor du gir terningkast 5
5268,Skriv en anmeldelse av filmen «Beast» på rundt 100 ord hvor du gir terningkast 4
5354,Skriv en anmeldelse av filmen «The Favourite» på rundt 100 ord hvor du gir terningkast 6
4215,Skriv en anmeldelse av filmen «Rush» på rundt 500 ord hvor du gir terningkast 5
4934,Skriv en anmeldelse av filmen «Jackie» på rundt 100 ord hvor du gir terningkast 4
4657,Skriv en anmeldelse av filmen «99 Homes» på rundt 400 ord hvor du gir terningkast 5
3482,Skriv en anmeldelse av filmen «Olsenbanden Jr. - Det sorte gullet» på rundt 400 ord hvor du gir terningkast 4
92,Skriv en anmeldelse av TV-serien «The Event» sesong 1 på rundt 600 ord hvor du gir terningkast 2
4265,Skriv en anmeldelse av filmen «Prisoners» på rundt 400 ord hvor du gir terningkast 5
3196,Skriv en anmeldelse av filmen «Hotel Rwanda» på rundt 300 ord hvor du gir terningkast 5
4093,Skriv en anmeldelse av filmen «The Sessions» på rundt 400 ord hvor du gir terningkast 4
4179,Skriv en anmeldelse av filmen «The Way Way Back» på rundt 400 ord hvor du gir terningkast 4
3966,Skriv en anmeldelse av filmen «Tomboy» på rundt 400 ord hvor du gir terningkast 5
4976,Skriv en anmeldelse av filmen «Little Men» på rundt 100 ord hvor du gir terningkast 5
3319,Skriv en anmeldelse av filmen «Beowulf» på rundt 400 ord hvor du gir terningkast 5
3607,Skriv en anmeldelse av filmen «The Runaways» på rundt 400 ord hvor du gir terningkast 5
3653,Skriv en anmeldelse av filmen «Brødrene Dal og vikingsverdets forbannelse» på rundt 400 ord hvor du gir terningkast 3
4189,Skriv en anmeldelse av filmen «Jeg er din» på rundt 500 ord hvor du gir terningkast 4
31,Skriv en anmeldelse av TV-serien «Battlestar Galactica» sesong 4 på rundt 500 ord hvor du gir terningkast 5
400165,Skriv en anmeldelse av filmen «Jason Bourne» på rundt 100 ord hvor du gir terningkast 4
5419,Skriv en anmeldelse av TV-serien «The Crown» sesong 2 på rundt 900 ord hvor du gir terningkast 4
3432,Skriv en anmeldelse av filmen «deUSYNLIGE» på rundt 500 ord hvor du gir terningkast 5
4955,Skriv en anmeldelse av filmen «Karsten og Petra – ut på tur» på rundt 100 ord hvor du gir terningkast 3
3555,Skriv en anmeldelse av filmen «L.A. Gigolo» på rundt 400 ord hvor du gir terningkast 4
4905,Skriv en anmeldelse av filmen «Perfekte fremmede» på rundt 100 ord hvor du gir terningkast 4
4297,Skriv en anmeldelse av filmen «Død snø 2» på rundt 600 ord hvor du gir terningkast 5
4794,Skriv en anmeldelse av filmen «Under sanden» på rundt 100 ord hvor du gir terningkast 5
5163,Skriv en anmeldelse av filmen «Unknown Soldier» på rundt 500 ord hvor du gir terningkast 4
4237,Skriv en anmeldelse av filmen «Solan og Ludvig – Jul i Flåklypa» på rundt 400 ord hvor du gir terningkast 5
77,Skriv en anmeldelse av TV-serien «Castle» sesong 2 på rundt 900 ord hvor du gir terningkast 1
3445,Skriv en anmeldelse av filmen «Kurt blir grusom» på rundt 400 ord hvor du gir terningkast 4
87,Skriv en anmeldelse av TV-serien «Solsidan» sesong 1 på rundt 500 ord hvor du gir terningkast 4
4446,Skriv en anmeldelse av filmen «The Good Lie» på rundt 700 ord hvor du gir terningkast 4
4547,Skriv en anmeldelse av filmen «Mad Max: Fury Road» på rundt 500 ord hvor du gir terningkast 5
4859,Skriv en anmeldelse av filmen «Inferno» på rundt 100 ord hvor du gir terningkast 3
400032,Skriv en anmeldelse av filmen «Jordens salt» på rundt 500 ord hvor du gir terningkast 5
3556,Skriv en anmeldelse av filmen «Metro 123 kapret» på rundt 400 ord hvor du gir terningkast 3
400213,Skriv en anmeldelse av filmen «Knight of cups» på rundt 100 ord hvor du gir terningkast 4
109,Skriv en anmeldelse av TV-serien «Californication» sesong 4 på rundt 600 ord hvor du gir terningkast 4
401448,Skriv en anmeldelse av filmen «You Were Never Really Here» på rundt 500 ord hvor du gir terningkast 5
400073,Skriv en anmeldelse av filmen «Big Hero 6» på rundt 500 ord hvor du gir terningkast 5
5074,Skriv en anmeldelse av filmen «Biler 3» på rundt 500 ord hvor du gir terningkast 4
3880,Skriv en anmeldelse av filmen «Immortals» på rundt 500 ord hvor du gir terningkast 4
4760,Skriv en anmeldelse av filmen «The Boss» på rundt 400 ord hvor du gir terningkast 3
400307,Skriv en anmeldelse av filmen «All Eyez On Me» på rundt 100 ord hvor du gir terningkast 2
400250,Skriv en anmeldelse av filmen «Middelhavet» på rundt 100 ord hvor du gir terningkast 4
3673,Skriv en anmeldelse av filmen «Hjem til jul» på rundt 500 ord hvor du gir terningkast 4
4324,Skriv en anmeldelse av filmen «Rio 2» på rundt 400 ord hvor du gir terningkast 4
5264,Skriv en anmeldelse av filmen «The Spy Who Dumped Me» på rundt 100 ord hvor du gir terningkast 3
36,Skriv en anmeldelse av TV-serien «FlashForward» sesong 1 på rundt 300 ord hvor du gir terningkast 4
4195,Skriv en anmeldelse av filmen «Monica Z» på rundt 400 ord hvor du gir terningkast 5
4524,Skriv en anmeldelse av filmen «Asterix: Byplanleggeren» på rundt 400 ord hvor du gir terningkast 3
401225,Skriv en anmeldelse av filmen «Mord på Orientekspressen» på rundt 600 ord hvor du gir terningkast 3
401337,Skriv en anmeldelse av filmen «Isle of Dogs» på rundt 600 ord hvor du gir terningkast 5
3807,Skriv en anmeldelse av filmen «Bad Teacher» på rundt 300 ord hvor du gir terningkast 3
4900,Skriv en anmeldelse av filmen «Rogue One: A Star Wars Story» på rundt 100 ord hvor du gir terningkast 5
400268,Skriv en anmeldelse av filmen «Star Wars: The Force Awakens» på rundt 1500 ord hvor du gir terningkast 5
3819,Skriv en anmeldelse av filmen «Horrible Bosses» på rundt 600 ord hvor du gir terningkast 3
3722,Skriv en anmeldelse av filmen «Varg Veum - Svarte får» på rundt 400 ord hvor du gir terningkast 3
114,Skriv en anmeldelse av TV-serien «Broen» sesong 1 på rundt 700 ord hvor du gir terningkast 6
401772,Skriv en anmeldelse av filmen «Dogman»» på rundt 400 ord hvor du gir terningkast 5
5179,Skriv en anmeldelse av filmen «Molly's game» på rundt 500 ord hvor du gir terningkast 4
4386,Skriv en anmeldelse av filmen «The Raid 2» på rundt 400 ord hvor du gir terningkast 5
3505,Skriv en anmeldelse av filmen «The Reader» på rundt 400 ord hvor du gir terningkast 4
438,Skriv en anmeldelse av filmen «A single man» på rundt 400 ord hvor du gir terningkast 5
4872,Skriv en anmeldelse av filmen «Bone Tomahawk» på rundt 100 ord hvor du gir terningkast 5
3311,Skriv en anmeldelse av filmen «Mann kvinne kaffe» på rundt 300 ord hvor du gir terningkast 4
401290,Skriv en anmeldelse av filmen «Savnet» på rundt 400 ord hvor du gir terningkast 5
4043,Skriv en anmeldelse av filmen «Paranormal Activity 4» på rundt 400 ord hvor du gir terningkast 2
4617,Skriv en anmeldelse av filmen «Wendyeffekten» på rundt 600 ord hvor du gir terningkast 3
4216,Skriv en anmeldelse av filmen «Mud» på rundt 400 ord hvor du gir terningkast 4
3609,Skriv en anmeldelse av filmen «Cop Out» på rundt 400 ord hvor du gir terningkast 3
4710,Skriv en anmeldelse av filmen «Birkebeinerne» på rundt 500 ord hvor du gir terningkast 4
416,Skriv en anmeldelse av filmen «Paranormal Activity» på rundt 400 ord hvor du gir terningkast 4
153,Skriv en anmeldelse av TV-serien «The Bridge» sesong 1 på rundt 800 ord hvor du gir terningkast 4
4957,Skriv en anmeldelse av filmen «Sameblod» på rundt 100 ord hvor du gir terningkast 5
439,Skriv en anmeldelse av filmen «Moon» på rundt 300 ord hvor du gir terningkast 4
3569,Skriv en anmeldelse av filmen «Funny People» på rundt 400 ord hvor du gir terningkast 5
4953,Skriv en anmeldelse av filmen «Hidden Figures» på rundt 100 ord hvor du gir terningkast 4
3916,Skriv en anmeldelse av filmen «Big Miracle» på rundt 400 ord hvor du gir terningkast 4
4094,Skriv en anmeldelse av filmen «Lincoln» på rundt 600 ord hvor du gir terningkast 5
4504,Skriv en anmeldelse av filmen «Chappie» på rundt 400 ord hvor du gir terningkast 5
272,Skriv en anmeldelse av TV-serien «Jessica Jones» sesong 1 på rundt 700 ord hvor du gir terningkast 5
445,Skriv en anmeldelse av filmen «Fish Tank» på rundt 400 ord hvor du gir terningkast 5
3335,Skriv en anmeldelse av filmen «Biefilmen» på rundt 300 ord hvor du gir terningkast 5
3494,Skriv en anmeldelse av filmen «Man on wire» på rundt 400 ord hvor du gir terningkast 5
401281,Skriv en anmeldelse av TV-serien «Black Mirror» sesong 4 på rundt 600 ord hvor du gir terningkast 5
3523,Skriv en anmeldelse av filmen «Pride and Glory» på rundt 300 ord hvor du gir terningkast 3
401512,Skriv en anmeldelse av TV-serien «Patrick Melrose: Dissekerer den britiske overklassen» på rundt 500 ord hvor du gir terningkast 5
4272,Skriv en anmeldelse av filmen «Snøhvit fra Andalucia - Blancanieves» på rundt 600 ord hvor du gir terningkast 5
4758,Skriv en anmeldelse av filmen «I skyggen av kvinner» på rundt 400 ord hvor du gir terningkast 4
3649,Skriv en anmeldelse av filmen «Armadillo» på rundt 300 ord hvor du gir terningkast 5
3933,Skriv en anmeldelse av filmen «Hugo» på rundt 400 ord hvor du gir terningkast 4
4965,Skriv en anmeldelse av filmen «Oskars Amerika» på rundt 100 ord hvor du gir terningkast 3
3642,Skriv en anmeldelse av filmen «Monstertorsdag» på rundt 400 ord hvor du gir terningkast 5
3286,Skriv en anmeldelse av filmen «Jason Bournes ultimatum» på rundt 400 ord hvor du gir terningkast 5
415,Skriv en anmeldelse av filmen «Arthur og Maltazards hevn» på rundt 500 ord hvor du gir terningkast 5
3982,Skriv en anmeldelse av filmen «Woody Allen: A Documentary» på rundt 400 ord hvor du gir terningkast 3
4382,Skriv en anmeldelse av filmen «Magic In The Moonlight» på rundt 400 ord hvor du gir terningkast 3
400012,Skriv en anmeldelse av filmen «Terminator Genisys» på rundt 100 ord hvor du gir terningkast 4
234,Skriv en anmeldelse av TV-serien «Orange Is the New Black» sesong 3 på rundt 1000 ord hvor du gir terningkast 5
401592,Skriv en anmeldelse av TV-serien «The Expanse»» på rundt 600 ord hvor du gir terningkast 5
3172,Skriv en anmeldelse av filmen «Chihiro og heksene» på rundt 400 ord hvor du gir terningkast 6
3942,Skriv en anmeldelse av filmen «The Best Exotic Marigold Hotel» på rundt 400 ord hvor du gir terningkast 3
3163,Skriv en anmeldelse av filmen «Hedwig and the Angry Inch» på rundt 300 ord hvor du gir terningkast 5
435,Skriv en anmeldelse av filmen «Daybreakers» på rundt 400 ord hvor du gir terningkast 4
5366,Skriv en anmeldelse av filmen «Ben is Back» på rundt 100 ord hvor du gir terningkast 4
400979,Skriv en anmeldelse av filmen «Ballerina» på rundt 300 ord hvor du gir terningkast 3
3405,Skriv en anmeldelse av filmen «The Mark of Cain» på rundt 400 ord hvor du gir terningkast 5
3891,Skriv en anmeldelse av filmen «Sherlock Holmes: A Game Of Shadows» på rundt 400 ord hvor du gir terningkast 4
4751,Skriv en anmeldelse av filmen «El Clasico» på rundt 500 ord hvor du gir terningkast 4
3767,Skriv en anmeldelse av filmen «Carny» på rundt 700 ord hvor du gir terningkast 4
401334,Skriv en anmeldelse av filmen «The Greatest Showman» på rundt 400 ord hvor du gir terningkast 4
49,Skriv en anmeldelse av TV-serien «Human Target» sesong 1 på rundt 400 ord hvor du gir terningkast 5
5265,Skriv en anmeldelse av filmen «Skjelvet» på rundt 100 ord hvor du gir terningkast 5
3179,Skriv en anmeldelse av filmen «Kill Bill Vol. 1» på rundt 500 ord hvor du gir terningkast 6
4107,Skriv en anmeldelse av filmen «Parker» på rundt 500 ord hvor du gir terningkast 3
3290,Skriv en anmeldelse av filmen «Varg Veum – Bitre blomster» på rundt 400 ord hvor du gir terningkast 4
3788,Skriv en anmeldelse av filmen «Restless» på rundt 300 ord hvor du gir terningkast 3
400069,Skriv en anmeldelse av filmen «The Interview» på rundt 300 ord hvor du gir terningkast 3
4644,Skriv en anmeldelse av filmen «Mistress America» på rundt 400 ord hvor du gir terningkast 5
4069,Skriv en anmeldelse av filmen «Dark Horse» på rundt 400 ord hvor du gir terningkast 4
4562,Skriv en anmeldelse av filmen «Sicario» på rundt 500 ord hvor du gir terningkast 5
401028,Skriv en anmeldelse av filmen «Valerian» på rundt 400 ord hvor du gir terningkast 3
400088,Skriv en anmeldelse av filmen «Seventh Son» på rundt 500 ord hvor du gir terningkast 2
3785,Skriv en anmeldelse av filmen «Midnight In Paris» på rundt 400 ord hvor du gir terningkast 5
3582,Skriv en anmeldelse av filmen «Edge Of Darkness» på rundt 400 ord hvor du gir terningkast 4
4969,Skriv en anmeldelse av filmen «Mysteriet i Slack Bay» på rundt 100 ord hvor du gir terningkast 3
145,Skriv en anmeldelse av TV-serien «Hannibal» sesong 1 på rundt 800 ord hvor du gir terningkast 5
3952,Skriv en anmeldelse av filmen «American Pie: Reunion» på rundt 500 ord hvor du gir terningkast 4
5132,Skriv en anmeldelse av filmen «Paddington 2» på rundt 500 ord hvor du gir terningkast 5
402120,Skriv en anmeldelse av filmen «Rutete ninja» på rundt 100 ord hvor du gir terningkast 5
5433,Skriv en anmeldelse av TV-serien «Atlanta» sesong 2 på rundt 500 ord hvor du gir terningkast 5
5244,Skriv en anmeldelse av filmen «Ulydighet» på rundt 600 ord hvor du gir terningkast 5
3276,Skriv en anmeldelse av filmen «Fantastic Four: Rise of the Silver Surfer» på rundt 400 ord hvor du gir terningkast 4
3941,Skriv en anmeldelse av filmen «Ildfjell» på rundt 400 ord hvor du gir terningkast 5
57,Skriv en anmeldelse av TV-serien «En moderne familie» sesong 1 på rundt 700 ord hvor du gir terningkast 5
3431,Skriv en anmeldelse av filmen «Tropic Thunder» på rundt 400 ord hvor du gir terningkast 5
400023,Skriv en anmeldelse av filmen «Mad Max: Fury Road» på rundt 600 ord hvor du gir terningkast 5
4330,Skriv en anmeldelse av filmen «Wałęsa – Håpets mann» på rundt 700 ord hvor du gir terningkast 4
401487,Skriv en anmeldelse av filmen «The Place» på rundt 500 ord hvor du gir terningkast 4
84,Skriv en anmeldelse av TV-serien «Boardwalk Empire» sesong 1 på rundt 600 ord hvor du gir terningkast 4
4783,Skriv en anmeldelse av filmen «Den lille prinsen» på rundt 100 ord hvor du gir terningkast 5
3948,Skriv en anmeldelse av filmen «En fiende å dø for» på rundt 500 ord hvor du gir terningkast 4
401257,Skriv en anmeldelse av filmen «Bright» på rundt 500 ord hvor du gir terningkast 3
401885,Skriv en anmeldelse av filmen «Dragetreneren 3» på rundt 100 ord hvor du gir terningkast 4
400294,Skriv en anmeldelse av filmen «En natt i Berlin» på rundt 100 ord hvor du gir terningkast 4
4130,Skriv en anmeldelse av filmen «Dark Skies» på rundt 500 ord hvor du gir terningkast 2
4868,Skriv en anmeldelse av filmen «Florence Foster Jenkins» på rundt 100 ord hvor du gir terningkast 5
5143,Skriv en anmeldelse av filmen «Rett vest» på rundt 600 ord hvor du gir terningkast 4
3570,Skriv en anmeldelse av filmen «500 days of Summer» på rundt 100 ord hvor du gir terningkast 5
3201,Skriv en anmeldelse av filmen «Stolthet og fordom» på rundt 400 ord hvor du gir terningkast 5
4676,Skriv en anmeldelse av filmen «He named me Malala» på rundt 400 ord hvor du gir terningkast 4
372,Skriv en anmeldelse av TV-serien «House of Cards» sesong 5 på rundt 100 ord hvor du gir terningkast 3
3437,Skriv en anmeldelse av filmen «Fritt vilt II» på rundt 400 ord hvor du gir terningkast 4
400973,Skriv en anmeldelse av filmen «In between» på rundt 600 ord hvor du gir terningkast 5
3602,Skriv en anmeldelse av filmen «The Last Station» på rundt 400 ord hvor du gir terningkast 4
3510,Skriv en anmeldelse av filmen «Che - Argentineren» på rundt 500 ord hvor du gir terningkast 4
400062,Skriv en anmeldelse av filmen «Sils Maria» på rundt 600 ord hvor du gir terningkast 5
401873,Skriv en anmeldelse av filmen «Bird Box» på rundt 500 ord hvor du gir terningkast 4
5347,Skriv en anmeldelse av filmen «Bumblebee» på rundt 100 ord hvor du gir terningkast 4
400098,Skriv en anmeldelse av filmen «Hobbiten – Femhærerslaget» på rundt 900 ord hvor du gir terningkast 5
400118,Skriv en anmeldelse av filmen «Snekker Andersen og julenissen» på rundt 100 ord hvor du gir terningkast 4
112,Skriv en anmeldelse av TV-serien «Mildred Pierce» på rundt 400 ord hvor du gir terningkast 3
402067,Skriv en anmeldelse av TV-serien «Wisting» på rundt 100 ord hvor du gir terningkast 4
3797,Skriv en anmeldelse av filmen «Milo på Mars» på rundt 600 ord hvor du gir terningkast 2
4404,Skriv en anmeldelse av filmen «Frøken Julie» på rundt 500 ord hvor du gir terningkast 5
4443,Skriv en anmeldelse av filmen «The Hunger Games: Mockingjay Part 1» på rundt 500 ord hvor du gir terningkast 4
4164,Skriv en anmeldelse av filmen «Man of Steel» på rundt 600 ord hvor du gir terningkast 4
3446,Skriv en anmeldelse av filmen «Gjensyn med Brideshead» på rundt 400 ord hvor du gir terningkast 4
4296,Skriv en anmeldelse av filmen «Kraftidioten» på rundt 500 ord hvor du gir terningkast 5
4366,Skriv en anmeldelse av filmen «That Awkward Moment» på rundt 400 ord hvor du gir terningkast 4
400102,Skriv en anmeldelse av filmen «Why Him?» på rundt 100 ord hvor du gir terningkast 3
4221,Skriv en anmeldelse av filmen «Captain Phillips» på rundt 400 ord hvor du gir terningkast 6
402022,Skriv en anmeldelse av filmen «The Sisters Brothers» på rundt 100 ord hvor du gir terningkast 4
426,Skriv en anmeldelse av filmen «Menn som stirrer på geiter» på rundt 400 ord hvor du gir terningkast 4
5431,Skriv en anmeldelse av TV-serien «Roeng» sesong 1 på rundt 700 ord hvor du gir terningkast 3
5249,Skriv en anmeldelse av filmen «Skyscraper» på rundt 600 ord hvor du gir terningkast 3
4055,Skriv en anmeldelse av filmen «Killing Them Softly» på rundt 500 ord hvor du gir terningkast 4
3552,Skriv en anmeldelse av filmen «Ghosts of girlfriends past» på rundt 400 ord hvor du gir terningkast 4
4713,Skriv en anmeldelse av filmen «How to Be Single» på rundt 500 ord hvor du gir terningkast 4
400087,Skriv en anmeldelse av filmen «Taken 3» på rundt 400 ord hvor du gir terningkast 3
4103,Skriv en anmeldelse av filmen «Karsten og Petra blir bestevenner» på rundt 400 ord hvor du gir terningkast 4
4554,Skriv en anmeldelse av filmen «Green Room» på rundt 400 ord hvor du gir terningkast 5
3646,Skriv en anmeldelse av filmen «Limbo» på rundt 400 ord hvor du gir terningkast 4
4734,Skriv en anmeldelse av filmen «Risen» på rundt 400 ord hvor du gir terningkast 4
400371,Skriv en anmeldelse av filmen «Trio» på rundt 100 ord hvor du gir terningkast 4
4041,Skriv en anmeldelse av filmen «Savages» på rundt 300 ord hvor du gir terningkast 4
5131,Skriv en anmeldelse av filmen «The Villainess» på rundt 500 ord hvor du gir terningkast 5
3667,Skriv en anmeldelse av filmen «Maskeblomstfamilien» på rundt 400 ord hvor du gir terningkast 3
4993,Skriv en anmeldelse av filmen «Det kommer en dag» på rundt 100 ord hvor du gir terningkast 4
5137,Skriv en anmeldelse av filmen «Ferdinand» på rundt 500 ord hvor du gir terningkast 4
3907,Skriv en anmeldelse av filmen «Muldvarpen» på rundt 400 ord hvor du gir terningkast 5
4878,Skriv en anmeldelse av filmen «Fabeldyr og hvor de er å finne» på rundt 100 ord hvor du gir terningkast 5
3161,Skriv en anmeldelse av filmen «Moulin Rouge!» på rundt 400 ord hvor du gir terningkast 6
401548,Skriv en anmeldelse av filmen «Ocean’s 8» på rundt 500 ord hvor du gir terningkast 4
4417,Skriv en anmeldelse av filmen «Dracula Untold» på rundt 300 ord hvor du gir terningkast 2
4725,Skriv en anmeldelse av filmen «Welcome to Norway!» på rundt 500 ord hvor du gir terningkast 4
3959,Skriv en anmeldelse av filmen «Ekstremt høyt & utrolig nært» på rundt 500 ord hvor du gir terningkast 3
4399,"Skriv en anmeldelse av filmen «To dager, en natt» på rundt 400 ord hvor du gir terningkast 5"
3535,Skriv en anmeldelse av filmen «Natt på Museet 2» på rundt 400 ord hvor du gir terningkast 3
3741,Skriv en anmeldelse av filmen «Rango» på rundt 400 ord hvor du gir terningkast 5
3544,Skriv en anmeldelse av filmen «Crossing Over» på rundt 400 ord hvor du gir terningkast 3
5044,Skriv en anmeldelse av filmen «Burn Burn Burn» på rundt 500 ord hvor du gir terningkast 5
4836,Skriv en anmeldelse av filmen «Hands of Stone» på rundt 100 ord hvor du gir terningkast 4
401746,Skriv en anmeldelse av TV-serien «Le Bureau» på rundt 600 ord hvor du gir terningkast 5
3745,Skriv en anmeldelse av filmen «Konger av Oslo» på rundt 500 ord hvor du gir terningkast 4
5195,Skriv en anmeldelse av filmen «Jeg vet hvem du er» på rundt 400 ord hvor du gir terningkast 3
5349,Skriv en anmeldelse av filmen «Dragetreneren 3» på rundt 100 ord hvor du gir terningkast 4
401823,Skriv en anmeldelse av filmen «Colette» på rundt 500 ord hvor du gir terningkast 4
401614,"Skriv en anmeldelse av filmen «Bergman – ett år, ett liv» på rundt 600 ord hvor du gir terningkast 4"
4346,Skriv en anmeldelse av filmen «Miraklene i Toscana» på rundt 400 ord hvor du gir terningkast 4
401209,Skriv en anmeldelse av filmen «Suburbicon» på rundt 400 ord hvor du gir terningkast 3
4613,Skriv en anmeldelse av filmen «En natt i Berlin» på rundt 400 ord hvor du gir terningkast 5
4065,Skriv en anmeldelse av filmen «Mesterkokken» på rundt 400 ord hvor du gir terningkast 2
127,Skriv en anmeldelse av TV-serien «True Blood» sesong 5 på rundt 500 ord hvor du gir terningkast 5
4789,Skriv en anmeldelse av filmen «Alt det vakre» på rundt 100 ord hvor du gir terningkast 4
4415,Skriv en anmeldelse av filmen «Haram» på rundt 400 ord hvor du gir terningkast 4
3922,Skriv en anmeldelse av filmen «Conan O’Brien Can’t Stop» på rundt 500 ord hvor du gir terningkast 4
4655,Skriv en anmeldelse av filmen «Black Mass» på rundt 400 ord hvor du gir terningkast 4
3728,Skriv en anmeldelse av filmen «To på rømmen» på rundt 400 ord hvor du gir terningkast 4
400980,Skriv en anmeldelse av filmen «Dunkirk» på rundt 800 ord hvor du gir terningkast 6
400126,Skriv en anmeldelse av filmen «Jack Reacher» på rundt 100 ord hvor du gir terningkast 3
4424,Skriv en anmeldelse av filmen «Familiekaos» på rundt 400 ord hvor du gir terningkast 3
189,Skriv en anmeldelse av TV-serien «Homeland» sesong 4 på rundt 500 ord hvor du gir terningkast 5
5471,Skriv en anmeldelse av TV-serien «Henrik Uber alles» sesong 1 på rundt 100 ord hvor du gir terningkast 4
4133,Skriv en anmeldelse av filmen «Spring Breakers» på rundt 400 ord hvor du gir terningkast 5
4158,Skriv en anmeldelse av filmen «Broken» på rundt 400 ord hvor du gir terningkast 4
400170,Skriv en anmeldelse av filmen «Don't tell me the boy was mad» på rundt 100 ord hvor du gir terningkast 3
4410,Skriv en anmeldelse av filmen «Kaptein Sabeltann og skatten i Lama Rama» på rundt 400 ord hvor du gir terningkast 4
3549,Skriv en anmeldelse av filmen «My Bloody Valentine» på rundt 400 ord hvor du gir terningkast 5
4286,Skriv en anmeldelse av filmen «Karsten og Petra på vinterferie» på rundt 400 ord hvor du gir terningkast 5
401300,Skriv en anmeldelse av filmen «Maze Runner» på rundt 400 ord hvor du gir terningkast 4
5160,Skriv en anmeldelse av filmen «Coco» på rundt 500 ord hvor du gir terningkast 5
3430,Skriv en anmeldelse av filmen «Nims hemmelige øy» på rundt 400 ord hvor du gir terningkast 4
5239,Skriv en anmeldelse av filmen «Ocean's 8» på rundt 500 ord hvor du gir terningkast 3
400085,Skriv en anmeldelse av filmen «Whiplash» på rundt 300 ord hvor du gir terningkast 5
4070,Skriv en anmeldelse av filmen «Bully» på rundt 500 ord hvor du gir terningkast 5
4102,Skriv en anmeldelse av filmen «Før snøen faller» på rundt 500 ord hvor du gir terningkast 4
3379,Skriv en anmeldelse av filmen «Superhero Movie» på rundt 300 ord hvor du gir terningkast 2
4256,Skriv en anmeldelse av filmen «Pacific Rim» på rundt 1200 ord hvor du gir terningkast 5
3705,Skriv en anmeldelse av filmen «Kongen av Bastøy» på rundt 300 ord hvor du gir terningkast 4
369,Skriv en anmeldelse av TV-serien «The Handmaid's Tale» sesong 1 på rundt 100 ord hvor du gir terningkast 6
295,Skriv en anmeldelse av TV-serien «The Night Manager» sesong 1 på rundt 500 ord hvor du gir terningkast 5
3729,Skriv en anmeldelse av filmen «127 timer» på rundt 400 ord hvor du gir terningkast 5
400128,Skriv en anmeldelse av filmen «Oasis: Supersonic» på rundt 100 ord hvor du gir terningkast 4
70,Skriv en anmeldelse av TV-serien «The Middle» på rundt 400 ord hvor du gir terningkast 3
4662,Skriv en anmeldelse av filmen «Far From Men» på rundt 400 ord hvor du gir terningkast 5
4590,Skriv en anmeldelse av filmen «Vacation» på rundt 400 ord hvor du gir terningkast 3
3871,Skriv en anmeldelse av filmen «Sommerland» på rundt 300 ord hvor du gir terningkast 4
3433,Skriv en anmeldelse av filmen «Flammen & Citronen» på rundt 400 ord hvor du gir terningkast 5
157,Skriv en anmeldelse av TV-serien «Derek» sesong 1 på rundt 500 ord hvor du gir terningkast 5
400360,Skriv en anmeldelse av filmen «En handelsreisende» på rundt 100 ord hvor du gir terningkast 6
4308,Skriv en anmeldelse av filmen «Sorg og glede» på rundt 400 ord hvor du gir terningkast 5
3639,Skriv en anmeldelse av filmen «Predators» på rundt 400 ord hvor du gir terningkast 4
3564,Skriv en anmeldelse av filmen «Stardust» på rundt 400 ord hvor du gir terningkast 4
3615,Skriv en anmeldelse av filmen «Hot Tub Time Machine» på rundt 500 ord hvor du gir terningkast 3
3619,Skriv en anmeldelse av filmen «The A-Team» på rundt 400 ord hvor du gir terningkast 4
4388,Skriv en anmeldelse av filmen «Børning» på rundt 500 ord hvor du gir terningkast 4
5374,Skriv en anmeldelse av filmen «Amundsen» på rundt 100 ord hvor du gir terningkast 4
5344,Skriv en anmeldelse av filmen «Beautiful Boy» på rundt 100 ord hvor du gir terningkast 5
400780,Skriv en anmeldelse av TV-serien «The Leftovers» på rundt 100 ord hvor du gir terningkast 6
400777,Skriv en anmeldelse av TV-serien «The Handmaid’s Tale» sesong 1 på rundt 100 ord hvor du gir terningkast 5
4163,Skriv en anmeldelse av filmen «Jurassic Park» på rundt 600 ord hvor du gir terningkast 6
400390,Skriv en anmeldelse av filmen «En gatekatt ved navn Bob» på rundt 100 ord hvor du gir terningkast 4
3322,Skriv en anmeldelse av filmen «På sporet av Michael Moore» på rundt 400 ord hvor du gir terningkast 4
4127,Skriv en anmeldelse av filmen «G.I. Joe: Retaliation» på rundt 400 ord hvor du gir terningkast 3
74,Skriv en anmeldelse av TV-serien «How I Met Your Mother» sesong 5 på rundt 600 ord hvor du gir terningkast 4
3794,Skriv en anmeldelse av filmen «Pokerspilleren» på rundt 500 ord hvor du gir terningkast 3
400205,Skriv en anmeldelse av filmen «Where to Invade Next» på rundt 100 ord hvor du gir terningkast 3
5453,Skriv en anmeldelse av TV-serien «Disenchantment» sesong 1 på rundt 1000 ord hvor du gir terningkast 3
401682,Skriv en anmeldelse av filmen «I can only imagine»» på rundt 600 ord hvor du gir terningkast 2
4190,Skriv en anmeldelse av filmen «The Conjuring» på rundt 400 ord hvor du gir terningkast 4
400124,Skriv en anmeldelse av filmen «Florence Foster Jenkins» på rundt 100 ord hvor du gir terningkast 4
3572,Skriv en anmeldelse av filmen «Luftslottet som sprengtes» på rundt 500 ord hvor du gir terningkast 3
401104,Skriv en anmeldelse av filmen «The Beguiled» på rundt 500 ord hvor du gir terningkast 3
5105,Skriv en anmeldelse av filmen «A Bad Moms Christmas» på rundt 600 ord hvor du gir terningkast 2
5046,Skriv en anmeldelse av filmen «Bigfoot junior» på rundt 700 ord hvor du gir terningkast 2
3365,Skriv en anmeldelse av filmen «The Orphanage» på rundt 400 ord hvor du gir terningkast 4
4885,Skriv en anmeldelse av filmen «Sovende soldater» på rundt 100 ord hvor du gir terningkast 4
5292,Skriv en anmeldelse av filmen «Venom» på rundt 600 ord hvor du gir terningkast 2
115,Skriv en anmeldelse av TV-serien «Game of Thrones» sesong 1 på rundt 500 ord hvor du gir terningkast 6
4748,Skriv en anmeldelse av filmen «Hardcore» på rundt 100 ord hvor du gir terningkast 5
4288,Skriv en anmeldelse av filmen «Søvngjengeren» på rundt 400 ord hvor du gir terningkast 4
3754,Skriv en anmeldelse av filmen «Justin Bieber: Never Say Never» på rundt 500 ord hvor du gir terningkast 4
3772,Skriv en anmeldelse av filmen «The Eagle» på rundt 400 ord hvor du gir terningkast 4
4004,Skriv en anmeldelse av filmen «Total Recall» på rundt 400 ord hvor du gir terningkast 3
402104,Skriv en anmeldelse av filmen «Pokémon: Detective Pikachu» på rundt 100 ord hvor du gir terningkast 4
3660,Skriv en anmeldelse av filmen «Wall Street: Money Never Sleeps» på rundt 400 ord hvor du gir terningkast 5
3463,Skriv en anmeldelse av TV-serien «Mad Men» sesong 1 på rundt 500 ord hvor du gir terningkast 5
401113,Skriv en anmeldelse av filmen «Thor: Ragnarok» på rundt 500 ord hvor du gir terningkast 5
4239,Skriv en anmeldelse av filmen «Jackass Presents: Bad Grandpa» på rundt 500 ord hvor du gir terningkast 4
4597,Skriv en anmeldelse av filmen «Max» på rundt 500 ord hvor du gir terningkast 3
5222,Skriv en anmeldelse av filmen «I Feel Pretty» på rundt 500 ord hvor du gir terningkast 3
401,Skriv en anmeldelse av filmen «Michael Jackson: This Is It» på rundt 100 ord hvor du gir terningkast 5
4874,Skriv en anmeldelse av filmen «Arrival» på rundt 100 ord hvor du gir terningkast 5
400164,Skriv en anmeldelse av filmen «Everybody wants some!!» på rundt 100 ord hvor du gir terningkast 5
3863,Skriv en anmeldelse av filmen «Vi har en pave!» på rundt 300 ord hvor du gir terningkast 4
4599,Skriv en anmeldelse av filmen «Trainwreck» på rundt 400 ord hvor du gir terningkast 5
181,Skriv en anmeldelse av TV-serien «True Blood» sesong 7 på rundt 700 ord hvor du gir terningkast 3
4867,Skriv en anmeldelse av filmen «Familien Jul i Nisseland» på rundt 100 ord hvor du gir terningkast 2
3954,Skriv en anmeldelse av filmen «Titanic» på rundt 500 ord hvor du gir terningkast 6
4207,Skriv en anmeldelse av filmen «Før midnatt» på rundt 500 ord hvor du gir terningkast 5
400290,Skriv en anmeldelse av filmen «Everest» på rundt 100 ord hvor du gir terningkast 5
401982,Skriv en anmeldelse av filmen «Cold Pursuit» på rundt 100 ord hvor du gir terningkast 4
400070,Skriv en anmeldelse av filmen «Birdman» på rundt 600 ord hvor du gir terningkast 5
401402,Skriv en anmeldelse av filmen «120 slag i minuttet» på rundt 600 ord hvor du gir terningkast 5
5331,Skriv en anmeldelse av filmen «Creed II» på rundt 500 ord hvor du gir terningkast 4
3584,Skriv en anmeldelse av filmen «Apen» på rundt 300 ord hvor du gir terningkast 5
4696,Skriv en anmeldelse av filmen «The Revenant» på rundt 600 ord hvor du gir terningkast 6
215,Skriv en anmeldelse av TV-serien «American Crime» sesong 1 på rundt 900 ord hvor du gir terningkast 5
401686,Skriv en anmeldelse av filmen «American Dharma» på rundt 100 ord hvor du gir terningkast 5
4811,Skriv en anmeldelse av filmen «Truman» på rundt 100 ord hvor du gir terningkast 4
4860,Skriv en anmeldelse av filmen «Barneraneren» på rundt 100 ord hvor du gir terningkast 3
4962,"Skriv en anmeldelse av filmen «Kvinne, ukjent» på rundt 100 ord hvor du gir terningkast 4"
5037,Skriv en anmeldelse av filmen «Souvenir» på rundt 400 ord hvor du gir terningkast 4
5130,Skriv en anmeldelse av filmen «City of Ghosts: Raqqa» på rundt 500 ord hvor du gir terningkast 5
241,Skriv en anmeldelse av TV-serien «Ballers» sesong 1 på rundt 500 ord hvor du gir terningkast 4
401633,Skriv en anmeldelse av filmen «A quiet place» på rundt 400 ord hvor du gir terningkast 5
3716,Skriv en anmeldelse av filmen «Hereafter» på rundt 400 ord hvor du gir terningkast 3
5234,Skriv en anmeldelse av filmen «Vann over ild» på rundt 500 ord hvor du gir terningkast 4
5171,Skriv en anmeldelse av filmen «Still/Born» på rundt 400 ord hvor du gir terningkast 3
4447,"Skriv en anmeldelse av filmen «Alexander and the Terrible, Horrible, No Good, Very Bad Day» på rundt 500 ord hvor du gir terningkast 3"
5469,Skriv en anmeldelse av TV-serien «The Marvelous Mrs. Maisel» på rundt 600 ord hvor du gir terningkast 5
379,Skriv en anmeldelse av filmen «Jakten på hukommelsen» på rundt 400 ord hvor du gir terningkast 5
4732,Skriv en anmeldelse av filmen «Deathgasm» på rundt 300 ord hvor du gir terningkast 3
4609,Skriv en anmeldelse av filmen «Kvinnen i gull» på rundt 400 ord hvor du gir terningkast 3
400293,Skriv en anmeldelse av filmen «The Gift» på rundt 100 ord hvor du gir terningkast 5
400142,Skriv en anmeldelse av filmen «The Magnificent Seven» på rundt 100 ord hvor du gir terningkast 2
5021,Skriv en anmeldelse av filmen «T.J. Miller: Meticulously Ridiculous» på rundt 500 ord hvor du gir terningkast 4
4150,Skriv en anmeldelse av filmen «Ung og vakker» på rundt 400 ord hvor du gir terningkast 4
401072,Skriv en anmeldelse av filmen «It» på rundt 500 ord hvor du gir terningkast 5
3798,Skriv en anmeldelse av filmen «X-Men: First Class» på rundt 600 ord hvor du gir terningkast 4
400146,Skriv en anmeldelse av filmen «Sully» på rundt 100 ord hvor du gir terningkast 3
400105,Skriv en anmeldelse av filmen «Evolution» på rundt 100 ord hvor du gir terningkast 4
4140,Skriv en anmeldelse av filmen «Rebell» på rundt 400 ord hvor du gir terningkast 5
3477,Skriv en anmeldelse av filmen «Jernanger» på rundt 500 ord hvor du gir terningkast 5
400022,Skriv en anmeldelse av filmen «Kurt Cobain: Montage of Heck» på rundt 100 ord hvor du gir terningkast 5
5002,Skriv en anmeldelse av filmen «Danserinnen» på rundt 100 ord hvor du gir terningkast 4
90,Skriv en anmeldelse av TV-serien «Vampire Diaries» sesong 2 på rundt 900 ord hvor du gir terningkast 4
4720,Skriv en anmeldelse av filmen «Grimsby» på rundt 500 ord hvor du gir terningkast 4
3548,Skriv en anmeldelse av filmen «Istid 3: Dinosaurene kommer» på rundt 300 ord hvor du gir terningkast 3
5052,Skriv en anmeldelse av filmen «Valerian and the City of a Thousand Planets» på rundt 600 ord hvor du gir terningkast 4
3214,Skriv en anmeldelse av filmen «Evan Almighty» på rundt 300 ord hvor du gir terningkast 2
17,Skriv en anmeldelse av TV-serien «The Thick Of It» på rundt 400 ord hvor du gir terningkast 5
4630,Skriv en anmeldelse av filmen «Pust» på rundt 400 ord hvor du gir terningkast 4
4690,Skriv en anmeldelse av filmen «Skjærgården» på rundt 500 ord hvor du gir terningkast 2
4499,Skriv en anmeldelse av filmen «SvampeBob Firkant Filmen – Svamp på land» på rundt 500 ord hvor du gir terningkast 5
4820,Skriv en anmeldelse av filmen «Ixcanul» på rundt 100 ord hvor du gir terningkast 4
5302,Skriv en anmeldelse av filmen «Bad Times at the El Royale» på rundt 600 ord hvor du gir terningkast 4
400271,Skriv en anmeldelse av filmen «Life in a fishbowl» på rundt 300 ord hvor du gir terningkast 5
4920,Skriv en anmeldelse av filmen «Kings Bay» på rundt 100 ord hvor du gir terningkast 4
3944,Skriv en anmeldelse av filmen «The Hunger Games» på rundt 500 ord hvor du gir terningkast 4
3833,Skriv en anmeldelse av filmen «Sønner av Norge» på rundt 400 ord hvor du gir terningkast 5
400799,Skriv en anmeldelse av TV-serien «Vikingane» på rundt 100 ord hvor du gir terningkast 3
5141,Skriv en anmeldelse av filmen «The Party» på rundt 400 ord hvor du gir terningkast 4
3547,Skriv en anmeldelse av filmen «Last chance Harvey» på rundt 300 ord hvor du gir terningkast 2
4549,Skriv en anmeldelse av filmen «The Lobster» på rundt 500 ord hvor du gir terningkast 4
402047,Skriv en anmeldelse av filmen «Gloria Bell» på rundt 100 ord hvor du gir terningkast 5
5255,Skriv en anmeldelse av filmen «Den store stygge reven» på rundt 600 ord hvor du gir terningkast 4
396,Skriv en anmeldelse av filmen «Away we go» på rundt 400 ord hvor du gir terningkast 4
5038,Skriv en anmeldelse av filmen «In Between» på rundt 600 ord hvor du gir terningkast 5
401224,Skriv en anmeldelse av filmen «The Villainess» på rundt 400 ord hvor du gir terningkast 4
4131,Skriv en anmeldelse av filmen «Warm Bodies» på rundt 600 ord hvor du gir terningkast 4
4056,Skriv en anmeldelse av filmen «Reisen til julestjernen» på rundt 400 ord hvor du gir terningkast 3
401177,Skriv en anmeldelse av filmen «Justice League» på rundt 400 ord hvor du gir terningkast 3
401599,Skriv en anmeldelse av filmen «A Ciambra» på rundt 600 ord hvor du gir terningkast 5
603293,Skriv en anmeldelse av filmen «Red Joan» på rundt 100 ord hvor du gir terningkast 3
4845,Skriv en anmeldelse av filmen «Peter og Dragen» på rundt 100 ord hvor du gir terningkast 4
4442,Skriv en anmeldelse av filmen «Dum og dummere To» på rundt 400 ord hvor du gir terningkast 3
401501,Skriv en anmeldelse av TV-serien «Westworld» sesong 2 på rundt 800 ord hvor du gir terningkast 5
4255,Skriv en anmeldelse av filmen «Thanks For Sharing» på rundt 400 ord hvor du gir terningkast 4
5126,Skriv en anmeldelse av filmen «Neruda» på rundt 600 ord hvor du gir terningkast 4
400282,Skriv en anmeldelse av filmen «Dheepan» på rundt 500 ord hvor du gir terningkast 5
4558,Skriv en anmeldelse av filmen «Poltergeist» på rundt 600 ord hvor du gir terningkast 4
3613,Skriv en anmeldelse av filmen «Youth In Revolt» på rundt 400 ord hvor du gir terningkast 4
3898,Skriv en anmeldelse av filmen «Shame» på rundt 400 ord hvor du gir terningkast 5
3874,Skriv en anmeldelse av filmen «50/50» på rundt 400 ord hvor du gir terningkast 5
400378,Skriv en anmeldelse av filmen «Vaiana» på rundt 100 ord hvor du gir terningkast 4
4086,Skriv en anmeldelse av filmen «Silver Linings Playbook» på rundt 300 ord hvor du gir terningkast 5
148,Skriv en anmeldelse av TV-serien «Game of Thrones» sesong 3 på rundt 1100 ord hvor du gir terningkast 6
5242,Skriv en anmeldelse av filmen «Skyggen fra treet» på rundt 500 ord hvor du gir terningkast 5
5257,Skriv en anmeldelse av filmen «Den skyldige» på rundt 100 ord hvor du gir terningkast 4
3616,Skriv en anmeldelse av filmen «Harry Brown» på rundt 400 ord hvor du gir terningkast 4
3849,Skriv en anmeldelse av filmen «Knerten i knipe» på rundt 400 ord hvor du gir terningkast 4
3434,Skriv en anmeldelse av filmen «Vicky Cristina Barcelona» på rundt 500 ord hvor du gir terningkast 5
5461,Skriv en anmeldelse av TV-serien «Kielergata» sesong 1 på rundt 800 ord hvor du gir terningkast 4
5133,Skriv en anmeldelse av filmen «Kometen» på rundt 500 ord hvor du gir terningkast 4
400975,Skriv en anmeldelse av [tv] «Game of Thrones» sesong 7 på rundt 600 ord hvor du gir terningkast 5
4401,Skriv en anmeldelse av filmen «Tusen bitar» på rundt 400 ord hvor du gir terningkast 4
4235,Skriv en anmeldelse av filmen «The Purge» på rundt 500 ord hvor du gir terningkast 3
401881,Skriv en anmeldelse av TV-serien «Das Boot» på rundt 100 ord hvor du gir terningkast 5
3632,Skriv en anmeldelse av filmen «Inception» på rundt 500 ord hvor du gir terningkast 6
4328,Skriv en anmeldelse av filmen «Venus In Fur» på rundt 400 ord hvor du gir terningkast 4
3675,Skriv en anmeldelse av filmen «Keeper'n til Liverpool» på rundt 400 ord hvor du gir terningkast 4
3348,Skriv en anmeldelse av filmen «Lønsj» på rundt 400 ord hvor du gir terningkast 4
4620,Skriv en anmeldelse av filmen «Maze Runner: Ildprøven» på rundt 400 ord hvor du gir terningkast 4
400212,Skriv en anmeldelse av filmen «Gods of Egypt» på rundt 100 ord hvor du gir terningkast 2
5442,Skriv en anmeldelse av TV-serien «All Night» sesong 1 på rundt 700 ord hvor du gir terningkast 3
400391,Skriv en anmeldelse av filmen «The Autopsy of Jane Doe» på rundt 100 ord hvor du gir terningkast 5
4293,Skriv en anmeldelse av filmen «The Selfish Giant: En himmel av kobber» på rundt 400 ord hvor du gir terningkast 5
3749,Skriv en anmeldelse av filmen «Bambi» på rundt 400 ord hvor du gir terningkast 6
4023,Skriv en anmeldelse av filmen «ParaNorman» på rundt 400 ord hvor du gir terningkast 5
3758,Skriv en anmeldelse av filmen «Monsterwolf» på rundt 300 ord hvor du gir terningkast 2
400230,Skriv en anmeldelse av filmen «Palio» på rundt 100 ord hvor du gir terningkast 4
4247,Skriv en anmeldelse av filmen «Blå er den varmeste fargen» på rundt 500 ord hvor du gir terningkast 4
400058,Skriv en anmeldelse av filmen «Chappie» på rundt 800 ord hvor du gir terningkast 4
352,Skriv en anmeldelse av TV-serien «This Is Us» sesong 1 på rundt 100 ord hvor du gir terningkast 5
3234,Skriv en anmeldelse av filmen «Kill Buljo» på rundt 400 ord hvor du gir terningkast 3
3403,Skriv en anmeldelse av filmen «Dumpet av Sarah Marshall» på rundt 400 ord hvor du gir terningkast 5
12,Skriv en anmeldelse av TV-serien «Mad Men» sesong 3 på rundt 400 ord hvor du gir terningkast 6
3159,"Skriv en anmeldelse av filmen «Snikende tiger, skjult drage» på rundt 400 ord hvor du gir terningkast 4"
4983,Skriv en anmeldelse av filmen «Løvetannbarn» på rundt 100 ord hvor du gir terningkast 5
3444,Skriv en anmeldelse av filmen «Fatso» på rundt 500 ord hvor du gir terningkast 5
401663,Skriv en anmeldelse av filmen «Hotel Artemis» på rundt 600 ord hvor du gir terningkast 2
3347,Skriv en anmeldelse av filmen «Charlie Wilson's war» på rundt 400 ord hvor du gir terningkast 5
5042,Skriv en anmeldelse av filmen «Ballerina» på rundt 500 ord hvor du gir terningkast 2
401096,Skriv en anmeldelse av filmen «Jordmoren» på rundt 500 ord hvor du gir terningkast 4
3449,Skriv en anmeldelse av filmen «Baader Meinhof» på rundt 400 ord hvor du gir terningkast 5
4412,Skriv en anmeldelse av filmen «Noen dager i Paris» på rundt 400 ord hvor du gir terningkast 4
3448,Skriv en anmeldelse av filmen «The Strangers» på rundt 400 ord hvor du gir terningkast 4
3654,Skriv en anmeldelse av filmen «Letters to Juliet» på rundt 500 ord hvor du gir terningkast 4
