id,response
3552,"[TextBlock(text='Anmeldelse av filmen «Ghosts of Girlfriends Past»\n\nTerningkast: 4\n\nNår det kommer til romantiske komedier, er det ofte en utfordring å finne en film som skiller seg ut fra mengden og tilbyr noe nytt og friskt. Men med «Ghosts of Girlfriends Past» har regissør Mark Waters lyktes i å skape en moderne vri på en klassisk historie som både underholde og berører.\n\nFilmen følger Matthew McConaughey i rollen som Connor Mead, en suksessrik fotograf og notorisk kvinnejeger som ikke tror på kjærlighet. På broren Pauls bryllup blir Connor konfrontert med spøkelsene fra sine tidligere kjærester, som viser seg å være hans avdøde onkel Warrens ånd. Onkelen tar Connor med på en reise gjennom fortid, nåtid og fremtid, i et forsøk på å få ham til å innse verdien av kjærlighet og forpliktelse.\n\nMcConaughey leverer en strålende prestasjon som den selvopptatte playboyen Connor, og klarer å balansere karakterens arroganse og sarkasme med en sårbarhet som gjør at vi likevel føler empati for ham. Jennifer Garner er også overbevisende som Connors barndomskjærlighet, som nå står overfor et vanskelig valg.\n\nFilmens styrke ligger i dens evne til å blande humor og følelser på en naturlig måte. Replikkene er skarpe og morsomme, uten at de går på bekostning av de mer alvorlige temaene. Regissør Waters viser også en god forståelse for den klassiske «A Christmas Carol»-historien, som filmen er løst basert på, og klarer å gi den en moderne og relevant vri.\n\nVisuelt sett er «Ghosts of Girlfriends Past» en fryd for øyet. Fotograferingen er vakker og stemningsfull, og bidrar til å skape en atmosfære som trekker seeren inn i historien. Særlig minneverdig er scenen hvor Connor blir konfrontert med spøkelsene fra sine tidligere forhold, som er både underholdende og tankevekkende.\n\nSelv om filmen ikke nødvendigvis bringer noe revolusjonerende nytt til sjangeren, lykkes den i å underholde og engasjere publikum gjennom en solid historie, gode skuespillerprestasjoner og en balansert blanding av humor og følelser. For den som er på jakt etter en romantisk komedie med litt ekstra krydder, er «Ghosts of Girlfriends Past» et utmerket valg.', type='text')]"
400081,"[TextBlock(text='Anmeldelse av filmen «Paddington»\n\nTerningkast: 6\n\nNår man tenker på klassiske barnebokfigurer, er det vanskelig å komme utenom den ikoniske bjørnen Paddington. Denne sjarmerende skapningen, skapt av forfatteren Michael Bond, har vunnet hjerter over hele verden med sin godhet, nysgjerrighet og uimotståelige klumsete fremferd. Nå har Paddington fått sin egen spillefilmadaptasjon, og resultatet er intet mindre enn en fryd for øyet.\n\nFilmen følger Paddingtons reise fra den dype jungelen i Peru til de travle gatene i London, hvor han møter familien Brown og finner et nytt hjem. Regissør Paul King har klart å fange essensen av Paddingtons eventyr på en måte som både trofaste fans og nye tilskuere vil sette pris på.\n\nHva som virkelig gjør denne filmen til et mesterverk, er den perfekte balansen mellom humor, hjerte og eventyr. Paddington selv, stemmelagt av den utmerkede Ben Whishaw, er en nydelig blanding av naivitet og klokskap. Han navigerer gjennom den ukjente storbyen med en barnslig undring og entusiasme som er umulig å motstå.\n\nRundt Paddington har King samlet et utmerket ensemble av skuespillere, ledet av den karismatiske Sally Hawkins og Hugh Bonneville som Mr. og Mrs. Brown. Deres kjærlighet og beskyttelse av den lille bjørnen er rørende, og man kan ikke unngå å bli varmet av deres samspill.\n\nFilmens visuelle uttrykk er også verdt å trekke frem. Produksjonsdesignen fanger perfekt opp Londons sjarmerende og fargerike atmosfære, samtidig som Paddingtons digitalt skapte figur smelter naturlig inn i omgivelsene. Effektene er imponerende, og man glemmer raskt at Paddington ikke er en virkelig bjørn.\n\nHva som virkelig setter prikken over i-en, er filmens evne til å appellere til et bredt publikum. Barn vil elske Paddingtons eventyr og morsomme uhell, mens voksne vil bli berørt av filmens varme og budskap om aksept og medmenneskelighet. Paddington er en film som bringer glede og latter, men også ettertanke om hvor viktig det er å være snill og åpen for det ukjente.\n\nAvslutningsvis kan jeg med glede si at «Paddington» er en film som fortjener all hyllest den får. Den er en fryd for sjelen, en visuell godbit og en hyllest til den klassiske barnebokfiguren vi alle elsker. Paddington har funnet veien til mitt hjerte, og jeg er sikker på at han vil gjøre det samme for deg.', type='text')]"
5265,"[TextBlock(text='Anmeldelse av filmen «Skjelvet»\n\nTerningkast 5\n\n«Skjelvet» er en spenningsfylt og nervepirrende katastrofefilm som tar oss med på en intens reise gjennom et av Norges mest dramatiske naturkatastrofer. Regissør John Andreas Andersen har skapt et visuelt mesterverk som fanger publikums oppmerksomhet fra første sekund. Skuespillerne leverer overbevisende prestasjoner, og historien er både troverdig og emosjonelt engasjerende. Filmen balanserer perfekt mellom storslåtte naturscener og de personlige historiene til de sentrale karakterene. «Skjelvet» er en sann perle i norsk filmhistorie og et must-see for alle som elsker spenning, drama og storslått natur. En film som setter dype spor og setter publikum på en emosjonell berg- og dalbane.', type='text')]"
5163,"[TextBlock(text=""Anmeldelse av filmen «Unknown Soldier»\n\nTerningkast: 4\n\nI «Unknown Soldier» tar regissør Aku Louhimies oss med på en gripende og realistisk reise gjennom Finlands kamp for uavhengighet under andre verdenskrig. Basert på Väinö Linnas klassiske roman, skildrer filmen på en mesterlig måte de enorme ofrene og lidelsene som det finske folket måtte gjennomgå i denne brutale konflikten.\n\nFilmen følger en gruppe finske soldater som kjemper mot den overveldende sovjetiske styrken. Gjennom deres øyne får vi et innsideperspektiv på krigens grusomheter, hvor døden lurer rundt hvert hjørne og hvor overlevelse blir en daglig kamp. Skuespillerne leverer imponerende prestasjoner, og vi blir dypt berørt av deres personlige historier og kampen for å beholde sin menneskelighet midt i kaosset.\n\nLouhimies' regi er særdeles sterk, og han lykkes i å skape en atmosfære som virkelig fanger essensen av krig. Kameraføringen er nær og intim, noe som gir oss en følelse av å være midt i handlingen. Scenene med intense kamper er særlig vellykkede, hvor vi opplever den brutale realiteten av krigens grusomheter uten å bli overveldende.\n\nFilmens styrke ligger i dens evne til å balansere de store, episke scenene med de personlige, intime øyeblikkene. Vi får et innblikk i soldatenes tanker, følelser og relasjoner, noe som gjør dem til levende, komplekse karakterer som vi knytter oss til. Scener som viser soldatenes hverdagsliv, deres lengsel etter hjemmet og deres forsøk på å opprettholde håp og menneskelig verdighet, er særlig sterke og rørende.\n\nFilmen unngår også å romantisere krigen, og viser i stedet dens grusomme konsekvenser. Vi ser de fysiske og psykiske skadene som soldatene påføres, og filmen gir oss en dyp forståelse for den enorme prisen som det finske folket måtte betale for sin frihet.\n\nTeknisk sett er «Unknown Soldier» en imponerende produksjon. Scenografien, kostymer og spesialeffekter er av høy kvalitet og bidrar til å skape en troverdig og autentisk krigstid-setting. Musikken, komponert av Tuomas Kantelinen, er også verdt å nevne, da den understreker filmens stemning og følelsesmessige tyngde på en subtil og effektiv måte.\n\nSelv om filmen har en lengde på over to og en halv time, føles den aldri tung eller treig. Louhimies' evne til å holde et jevnt tempo og til å veksle mellom intense kampscener og roligere, reflekterende øyeblikk, gjør at filmen holder oss engasjert og involvert fra start til slutt.\n\nSamlet sett er «Unknown Soldier» en kraftfull og minneverdig film som setter et dypt inntrykk. Den er ikke bare en fremragende krigsdrama, men også en sterk påminnelse om krigens ødeleggende konsekvenser og den menneskelige motstandskraften. Filmen fortjener virkelig et terningkast 4, og jeg anbefaler den varmt til alle som er interessert i historiske dramaer og dyptgående skildringer av krig."", type='text')]"
127,"[TextBlock(text='Anmeldelse av TV-serien «True Blood» sesong 5\n\nTerningkast: 5\n\nVampyrenes verden i «True Blood» fortsetter å fascinere og engasjere i den femte sesongen av denne populære HBO-serien. Skaperne bak showet har igjen levert en sesong som holder et høyt nivå, med spennende plotlinjer, dybdegående karakterutvikling og et rikt univers som drar seerne dypere inn i den mystiske og farlige tilværelsen til overnaturlige vesener.\n\nEtter den dramatiske avslutningen på forrige sesong, der Sookie Stackhouse (Anna Paquin) og hennes venner sto overfor en rekke utfordringer, tar sesong 5 oss med inn i en ny fase av historien. Nå må de ikke bare håndtere de personlige konsekvensene av tidligere hendelser, men også konfrontere en større trussel som henger over hele vampyrsamfunnet.\n\nSeriens hovedpersoner, ledet an av Sookie, Bill Compton (Stephen Moyer) og Eric Northman (Alexander Skarsgård), står overfor vanskelige valg og dilemmaer som tester deres lojalitet, moral og overlevelsesinstinkt. Skuespillerne leverer imponerende prestasjoner og gir liv til karakterene på en måte som gjør at seerne virkelig føler seg knyttet til dem.\n\nEt av sesongenes store høydepunkter er den dype konflikten som utspiller seg mellom Bill og Eric. Deres komplekse forhold, preget av både fiendskap og en form for broderlig bånd, skaper en spennende dynamikk som driver handlingen fremover. Skarsgård og Moyer utfyller hverandre perfekt og gir oss noen av seriens mest intense og minneverdig scener.\n\nSamtidig får vi også et nærmere innblikk i livet til andre sentrale karakterer, som Lafayette (Nelsan Ellis), Tara (Rutina Wesley) og Jason Stackhouse (Ryan Kwanten). Deres personlige historier veves elegant sammen med hovedplottet, og bidrar til å skape en rik og nyansert fortelling.\n\nSeriens skapere har også vist en imponerende evne til å introdusere nye, spennende figurer som bringer nye dimensjoner til historien. Denne sesongen ser vi blant annet fremveksten av den mystiske og mektige vampyrrådet, ledet av den karismatiske og fryktinngytende Salome (Valentina Cervi).\n\nVisuelt sett er «True Blood» sesong 5 like imponerende som tidligere. Produksjonen holder en høy kvalitet, med flotte setdesign, vakre naturscener og effektive spesialeffekter som forsterker den overnaturlige stemningen. Seriens karakteristiske musikalske signatur bidrar også til å skape den rette atmosfæren.\n\nGjennom hele sesongen opprettholdes et høyt tempo og en vedvarende spenning som holder seerne på tærne. Plotlinjene flettes elegant sammen, og selv om noen vendepunkter kan virke noe forutsigbare, klarer skaperne å overraske med uventede utviklinger og dramatiske klimaks.\n\nAvslutningsvis leverer «True Blood» sesong 5 en svært tilfredsstillende og engasjerende opplevelse for fans av serien. Den bygger videre på det solide grunnlaget som er lagt i tidligere sesonger, samtidig som den introduserer nye spennende elementer. Resultatet er en sesong som setter standarden høyt for hva man kan forvente av kvalitetsunderholdning innen den overnaturlige sjangeren.', type='text')]"
3446,"[TextBlock(text='Gjensyn med Brideshead - En storslagen og melankolsk reise gjennom tid og følelser\n\nRegissør: Julian Jarrold\nBasert på: Evelyn Waughs roman ""Brideshead Revisited""\nHovedroller: Matthew Goode, Ben Whishaw, Emma Thompson\n\nNår man tar for seg en så ikonisk roman som Evelyn Waughs ""Brideshead Revisited"", står man overfor en formidabel utfordring. Hvordan klarer man å fange essensen av dette komplekse verket, med sine dype tematiske lag og rike karakterer, innenfor rammene av en spillefilm? Regissør Julian Jarrold har tatt tak i denne oppgaven med stor respekt og ambisjon, og resultatet er en film som imponerer med sin visuelt praktfulle og emosjonelt drivende fortelling.\n\nFilmen følger den unge kunstneren Charles Ryder (Matthew Goode), som i mellomkrigstiden blir trukket inn i den velstående Flyte-familiens liv. Gjennom hans øyne får vi et innblikk i den aristokratiske, katolske familiens indre sirkler, med alle deres hemmeligheter, konflikter og skjøre bånd. Særlig fascineres Charles av den unge, sårbare Sebastian (Ben Whishaw) og hans kompliserte forhold til den dominerende, men sårbare moren, Lady Marchmain (Emma Thompson).\n\nJarrold lykkes i å skape en storslagen, melankolsk stemning som gjennomsyrer hele filmen. Kameraføringen er nydelig, med vakre, maleriske scener som fanger opp den elegante, men også tyngende atmosfæren i Brideshead-herregården. Musikken, komponert av Adrian Johnston, understreker filmens elegiske tone på en subtil og effektfull måte.\n\nSkuespillerprestasjonene er jevnt over imponerende. Matthew Goode gir en nyansert og følsom tolkning av Charles, som gradvis lar seg rive med av Flyte-familiens indre drama. Ben Whishaw er rett og slett strålende som den komplekse Sebastian, som veksler mellom sårbarhet og selvdestruktivitet. Og Emma Thompson leverer en mesterlig, nyansert portrettering av Lady Marchmain, en kvinne fanget i sin egen tro og stolthet.\n\nFilmens styrke ligger i dens evne til å utforske de dype, melankolske temaene som preger Waughs roman - temaer som religion, klasse, seksualitet og familiedynamikk. Jarrold lar disse temaene utfolde seg i et rolig, reflekterende tempo, uten å føle seg presset til å forenkle eller forkorte. Resultatet er en film som krever litt tålmodighet av seeren, men som belønner med en rik, emosjonell opplevelse.\n\nNoen vil kanskje savne den dybde og kompleksitet som Waughs roman byr på, men Jarrold har lykkes i å skape en filmatisk tolkning som står støtt på egne ben. ""Gjensyn med Brideshead"" er en storslagen, melankolsk reise gjennom tid og følelser, som setter seg fast i minnet lenge etter at rulleteksten har gått.\n\nTerningkast: 4', type='text')]"
3835,"[TextBlock(text=""Anmeldelse av filmen «Hell's Ground»\n\nTerningkast: 3\n\n«Hell's Ground» er en skrekkfilm fra 2007 regissert av Omar Khan. Filmen følger en gruppe unge mennesker som drar ut i skogen for å delta i en motocross-konkurranse, men ender opp i et mareritt da de støter på en skremmende og dødelig trussel.\n\nHistorien i «Hell's Ground» er ganske standard for sjangeren, med de klassiske ingrediensene som en gruppe unge mennesker som drar ut i naturen, møter på noe overnaturlig og farlig, og må kjempe for å overleve. Dessverre klarer ikke filmen å tilføre noe nytt eller særegent til denne velkjente formelen. Plottet er forutsigbart og mangler overraskende vendepunkter, og karakterene er ganske endimensjonale og lite minneverdig.\n\nRegissør Omar Khan har tydeligvis ambisjoner om å skape en skrekkfilm som kombinerer elementer fra slasher-sjangeren og overnaturlige trusler, men resultatet blir dessverre ganske middelmådig. Filmen klarer ikke å bygge opp en virkelig spenningsfylt og ubehagelig stemning, og de skremmende scenene føles ofte mer komiske enn skumle.\n\nSkuespillerprestasjonene er heller ikke særlig imponerende. De unge skuespillerne klarer ikke å gi sine karakterer noen dybde eller troverdighet, og dialogen føles ofte stiv og unaturlig. Enkelte av rollefigurene er også så stereotypiske at de grenser til karikatur.\n\nVisuelt sett er «Hell's Ground» en blandet affære. Noen av scenene i skogen har en vakker og atmosfærisk kvalitet, men filmen sliter med å skape en konsekvent og overbevisende estetikk. De spesialeffektene som brukes for å fremstille den overnaturlige trusselen er heller ikke særlig overbevisende, og bidrar til å underminere spenningen i stedet for å forsterke den.\n\nTil tross for sine mangler har «Hell's Ground» likevel noen positive sider. Regissør Khan viser et visst håndlag for å skape intense og voldelige actionscener, og enkelte av drapsmåtene er kreative og ganske effektfulle. Filmen har også et par overraskende vendepunkter som bidrar til å holde interessen oppe, selv om de ikke alltid er like godt utført.\n\nSamlet sett er «Hell's Ground» en ganske middelmådig skrekkfilm som ikke klarer å skille seg ut fra mengden. Den mangler den nødvendige spenningen, skrekken og originaliteten som kreves for å lykkes i en så overfylt sjanger. Fans av lavbudsjetts-skrekkfilmer kan kanskje finne noe å like her, men de fleste seere vil nok finne filmen ganske uinspirert og forglembar."", type='text')]"
4395,"[TextBlock(text=""Anmeldelse av filmen «What If»\n\nTerningkast: 4\n\nRomantiske komedier kan ofte være forutsigbare og klisjéfylte, men filmen «What If» skiller seg ut med sin friske tilnærming og sjarmerende kjemi mellom hovedrolleinnehaverne. Regissør Michael Dowse har skapt en film som både varmer hjertet og gir rom for ettertanke.\n\nHistorien følger Wallace (Daniel Radcliffe), en ung mann som har gitt opp på kjærligheten etter en traumatisk opplevelse. Da han møter den sjarmerende Chantry (Zoe Kazan) på en fest, oppstår det umiddelbart en uventet gnist mellom dem. Problemet er bare at Chantry allerede har en kjæreste, Ben (Rafe Spall), som hun er svært lykkelig sammen med. Likevel klarer ikke Wallace å motstå tiltrekningen, og de to innleder et nært vennskap som gradvis utvikler seg til noe mer.\n\nHva om...?\nFilmens tittel, «What If», setter tonen for historien og utforsker spørsmålet om hva som skjer når to mennesker som tiltrekkes hverandre, men vet at de ikke bør handle på det. Manusforfatterne Elan Mastai, Michael Dowse og F. Scott Fitzgerald (ja, den samme F. Scott Fitzgerald som skrev «Den store Gatsby») har skapt et manus som balanserer humor, sårbarhet og moralske dilemmaer på en elegant måte.\n\nRadcliffe og Kazan har en fantastisk kjemi som lyser gjennom på lerretet. De to skuespillerne klarer å formidle både den forbudte tiltrekningen og den dype vennskap som utvikler seg mellom Wallace og Chantry. Radcliffe viser en ny side av seg selv, der han beviser at han er langt mer enn bare Harry Potter. Han gir Wallace en sårbarhet og selvironi som gjør karakteren svært sympatisk.\n\nKazan, på sin side, er strålende som den intelligente og lojale Chantry. Hun klarer å skape en kompleks karakter som både er forelsket i sin kjæreste, men samtidig kjenner på den uventede tiltrekningen til Wallace. Samspillet mellom de to hovedrolleinnehaverne er filmens virkelige stjerne.\n\nStøtterollene er også verdt å nevne. Rafe Spall gir Ben en sjarmerende naivitet, samtidig som han unngår å fremstå som en ren skurk. Adam Driver, kjent fra «Girls», leverer en morsom og minneverdig birolle som Wallace' beste venn Allan. Sammen utgjør de et ensemble som bidrar til å skape en autentisk og troverdig verden rundt hovedpersonene.\n\nRegissør Michael Dowse har en sikker hånd når det gjelder å balansere de komiske og mer alvorlige elementene i historien. Han klarer å unngå de vanlige romantiske komedie-klisjéene, og i stedet skape en film som føles frisk og uforutsigbar. Dowse lar historien utfolde seg i et rolig tempo, noe som gir rom for karakterutvikling og refleksjon over filmens tematikk.\n\nVisuelt sett er «What If» en vakker film. Kameraføringen og scenografien skaper en stemningsfull atmosfære som underbygger fortellingen. Særlig scenen der Wallace og Chantry går gjennom Toronto om natten, mens de diskuterer livets store spørsmål, er et visuelt høydepunkt.\n\nFilmens styrke ligger i dens evne til å utforske komplekse følelser og moralske dilemmaer uten å falle for enkle løsninger. Spørsmålet «Hva om?» henger i luften gjennom hele filmen, og oppfordrer seeren til å reflektere over sine egne valg og prioriteringer i livet.\n\nAvslutningsvis\n«What If» er en sjarmerende og intelligent romantisk komedie som skiller seg ut fra mengden. Takket være de sterke skuespillerprestasjoner, et solid manus og en dyktig regissør, klarer filmen å berøre hjertet uten å miste hodet. Den balanserer humor, sårbarhet og moralske dilemmaer på en elegant måte, og gir oss en film som både underholder og setter i gang tankeprosesser.\n\nTerningkast: 4"", type='text')]"
4333,"[TextBlock(text='Anmeldelse av filmen «The Other Woman»\n\nTerningkast: 3\n\nFilmen «The Other Woman» er en romantisk komedie som tar for seg et klassisk tema - en kvinne som oppdager at mannen hun er sammen med, er utro. Dessverre klarer ikke filmen å tilføre noe nytt eller særlig originalt til denne velkjente historien.\n\nHandlingen følger advokaten Carly (Cameron Diaz), som møter den perfekte mannen, Mark (Nikolaj Coster-Waldau). De innleder et forhold, og Carly tror hun har funnet lykken. Imidlertid viser det seg at Mark også har et forhold til en annen kvinne, Kate (Leslie Mann). De to kvinnene møter hverandre tilfeldigvis, og etter en turbulent start, bestemmer de seg for å samarbeide for å hevne seg på den utro mannen.\n\nFilmen har et solid komediegrep i at de to kvinnene, som i utgangspunktet er fiender, ender opp som allierte. Samspillet mellom Cameron Diaz og Leslie Mann fungerer godt, og de to skuespillerne har en god kjemi som bidrar til noen morsomme øyeblikk. Særlig Manns karakter, den litt nevrotiske og emosjonelle Kate, gir filmen noe av sin energi og humor.\n\nDessverre klarer ikke resten av filmen å leve opp til dette. Mye av handlingen føles forutsigbar og lite overraskende. Plottet beveger seg i velkjente baner, og man ser mange av vendepunktene og konfliktene komme lang tid i forveien. Regissør Nick Cassavetes, kjent for filmer som «The Notebook», klarer ikke å gi historien den friskhet og originalitet den trenger for å skille seg ut fra lignende romantiske komedier.\n\nOgså karakterutviklingen i filmen er noe overfladisk. Selv om Carly og Kate gjennomgår en viss utvikling fra å være fiender til å bli venner, føles dette noe forenklet og lite dyptgående. Man savner en mer nyansert skildring av de to kvinnenes følelser og indre liv.\n\nFilmens styrke ligger i de komiske scenene, der Diaz og Mann virkelig får vist sine talenter. Særlig er det morsomme sekvenser der de to kvinnene forsøker å hevne seg på Mark, med stadig mer kreative og absurde metoder. Disse scenene gir filmen et visst driv og energi, og bidrar til at den aldri blir helt kjedelig.\n\nDessverre veier ikke dette opp for svakhetene i selve historien og karakterutviklingen. «The Other Woman» ender opp som en ganske middelmådig romantisk komedie, som riktignok har noen morsomme øyeblikk, men som ikke klarer å skille seg nevneverdig ut fra lignende filmer i sjangeren.\n\nAvslutningsvis må det sies at filmen har et visst underholdningsverdi, særlig for de som liker denne typen romantiske komedier. Men for de som forventer noe mer originalt og dyptgående, vil nok «The Other Woman» skuffe. Filmen ender opp som en ganske gjennomsnittlig utgivelse, verken spesielt god eller spesielt dårlig.\n\nTerningkast: 3', type='text')]"
5307,"[TextBlock(text=""Anmeldelse av «Bohemian Rhapsody»\n\nTerningkast: 4\n\n«Bohemian Rhapsody» er en fascinerende og engasjerende biografisk film om det legendariske britiske rockebandet Queen og deres karismatiske frontmann Freddie Mercury. Regissør Bryan Singer har skapt et visuelt praktfullt og musikalsk fengende mesterverk som tar oss med på en reise gjennom bandets opprinnelse, suksess og Mercurys personlige kamp.\n\nFilmen starter med å introdusere oss for Farrokh Bulsara, en ung mann med storslåtte musikalske ambisjoner som etter hvert tar artistnavnet Freddie Mercury. Vi følger hans møte med Brian May, Roger Taylor og John Deacon, og hvordan de sammen danner bandet Queen. Gjennom de neste årene ser vi hvordan bandet kjemper seg opp i musikkbransjen, skaper sine ikoniske låter og når nye høyder med sine storslåtte livekonserter.\n\nRami Malek leverer en strålende prestasjon i rollen som Freddie Mercury. Han fanger perfekt Mercurys karisma, scenekarisma og unike vokal, og klarer å formidle både hans sårbarhet og storhet. Malek har tydelig jobbet intenst for å mestre Mercurys karakteristiske kroppsspråk og bevegelser, noe som gir en svært troverdig fremstilling. Scenen der han fremfører «Live Aid»-konserten i 1985 er et høydepunkt, der Malek virkelig får vist frem sin imponerende evne til å gjengi Mercurys legendariske opptreden.\n\nResten av skuespillerne leverer også sterke prestasjoner. Særlig Brian May (Gwilym Lee) og Roger Taylor (Ben Hardy) overbeviser i sine roller som Mercurys nærmeste bandmedlemmer og venner. Filmen gir oss et innblikk i bandmedlemmenes personligheter og dynamikken dem imellom, noe som bidrar til å skape en dypere forståelse for Mercurys kunstneriske prosess og bandets suksess.\n\nVisuelt sett er «Bohemian Rhapsody» en fryd for øyet. Produksjonen har tydelig hatt et stort budsjett, noe som gjenspeiles i de storslåtte scenografiene, kostymer og rekvisitter. Filmens musikalske sekvenser, særlig fremføringen av Queen-klassikere som «Bohemian Rhapsody», «We Will Rock You» og «Don't Stop Me Now», er rett og slett fantastiske. Lydbildet er krystallklart og gir lytteren en følelse av å være til stede på konsertene.\n\nSelv om filmen i stor grad følger den klassiske biografisjangeren, lykkes den i å unngå å bli for forutsigbar. Regissør Singer klarer å balansere Mercurys private liv og bandets suksesshistorie på en elegant måte. Filmen gir oss et innblikk i Mercurys komplekse personlighet, hans seksuelle legning og kamp med sykdom, uten at det føles for sensasjonelt eller overfladisk.\n\nDen eneste svakheten ved filmen er at den til tider kan føles noe forenklet og glatt i sin fremstilling. Noen av overgangene mellom scener virker litt for sømløse, og enkelte dramatiske vendepunkter kunne vært utdypet ytterligere. Men dette er bare små innvendinger i en ellers svært vellykket film.\n\nAvslutningsvis er «Bohemian Rhapsody» en strålende hyllest til et av verdens mest ikoniske band og deres legendariske frontmann. Filmen er en visuell og musikalsk fest, drevet frem av Rami Maleks fantastiske hovedrolle. For fans av Queen og Freddie Mercury, eller for den som bare ønsker seg en storslått og underholdende biografisk film, er dette et must-see."", type='text')]"
